frame,realtime,phase,x,y,z,pitch,fov,door_open,door_busy,door_obstructed
0,0.024311,1,-300,0.06980039,-99.9222,0,75,False,False,False
1,0.107685,1,-300,0.02499999,-99.65539,0,60,False,False,False
2,0.192307,1,-300,0.02499999,-99.38457,0,60,False,False,False
3,0.276038,1,-300,0.02499999,-99.11663,0,60,False,False,False
4,0.360114,1,-300,0.02499999,-98.84756,0,60,False,False,False
5,0.444460,1,-300,0.02499999,-98.57767,0,60,False,False,False
6,0.529293,1,-300,0.02499999,-98.30621,0,60,False,False,False
7,0.614901,1,-300,0.02499999,-98.03225,0,60,False,False,False
8,0.699522,1,-300,0.02499999,-97.76145,0,60,False,False,False
9,0.783531,1,-300,0.02499987,-97.49262,0,60,False,False,False
10,0.868335,1,-300,0.02499999,-97.22127,0,60,False,False,False
11,0.953049,1,-300,0.02499999,-96.95016,0,60,False,False,False
12,1.037645,1,-300,0.02499999,-96.67944,0,60,False,False,False
13,1.123328,1,-300,0.02499999,-96.40524,0,60,False,False,False
14,1.207188,1,-300,0.02499999,-96.1369,0,60,False,False,False
15,1.291334,1,-300,0.02499987,-95.86765,0,60,False,False,False
16,1.375098,1,-300,0.02499999,-95.59959,0,60,False,False,False
17,1.459814,1,-300,0.02499999,-95.32851,0,60,False,False,False
18,1.543606,1,-300,0.02499999,-95.0604,0,60,False,False,False
19,1.627974,1,-300,0.02499987,-94.79042,0,60,False,False,False
20,1.712059,1,-300,0.02499999,-94.52135,0,60,False,False,False
21,1.796831,1,-300,0.02499999,-94.25007,0,60,False,False,False
22,1.881961,1,-300,0.02499987,-93.97765,0,60,False,False,False
23,1.966755,1,-300,0.02499999,-93.70631,0,60,False,False,False
24,2.050278,1,-300,0.02499999,-93.43904,0,60,False,False,False
25,2.135684,1,-300,0.02499999,-93.16573,0,60,False,False,False
26,2.220014,1,-300,0.02499999,-92.89588,0,60,False,False,False
27,2.303385,1,-300,0.02499999,-92.62911,0,60,False,False,False
28,2.386909,1,-300,0.02499999,-92.36183,0,60,False,False,False
29,2.471558,1,-300,0.02499999,-92.09096,0,60,False,False,False
30,2.555079,1,-300,0.02499999,-91.82371,0,60,False,False,False
31,2.639078,1,-300,0.02499999,-91.5549,0,60,False,False,False
32,2.723834,1,-300,0.02499999,-91.28369,0,60,False,False,False
33,2.808403,1,-300,0.02499999,-91.01306,0,60,False,False,False
34,2.892497,1,-300,0.02499999,-90.74397,0,60,False,False,False
35,2.975879,1,-300,0.02499999,-90.47717,0,60,False,False,False
36,3.060389,1,-300,0.02499999,-90.20673,0,60,False,False,False
37,3.144760,1,-300,0.02499987,-89.93675,0,60,False,False,False
38,3.229188,1,-300,0.02499999,-89.66658,0,60,False,False,False
39,3.313030,1,-300,0.02499999,-89.39828,0,60,False,False,False
40,3.398182,1,-300,0.02499999,-89.12579,0,60,False,False,False
41,3.482008,1,-300,0.02499987,-88.85753,0,60,False,False,False
42,3.565636,1,-300,0.02499999,-88.58991,0,60,False,False,False
43,3.650301,1,-300,0.02499999,-88.31898,0,60,False,False,False
44,3.734712,1,-300,0.02499999,-88.04887,0,60,False,False,False
45,3.819051,1,-300,0.02499999,-87.77898,0,60,False,False,False
46,3.903594,1,-300,0.02499999,-87.50842,0,60,False,False,False
47,3.988296,1,-300,0.02499999,-87.23737,0,60,False,False,False
48,4.072972,2,-300,0.02499999,-86.77164,0,75,False,False,False
49,4.156810,2,-300,0.02499999,-86.31052,0,75,False,False,False
50,4.240192,2,-300,0.02499999,-85.85191,0,75,False,False,False
51,4.324988,2,-300,0.02499999,-85.38554,0,75,False,False,False
52,4.409060,2,-300,0.02499999,-84.92313,0,75,False,False,False
53,4.493264,2,-300,0.02499999,-84.46,0,75,False,False,False
54,4.577620,2,-300,0.02499987,-83.99602,0,75,False,False,False
55,4.661291,2,-300,0.02499999,-83.53584,0,75,False,False,False
56,4.745811,2,-300,0.02499999,-83.07097,0,75,False,False,False
57,4.830474,2,-300,0.02499999,-82.60532,0,75,False,False,False
58,4.914857,2,-300,0.02499999,-82.14121,0,75,False,False,False
59,4.999250,2,-300,0.02499999,-81.67706,0,75,False,False,False
60,5.083092,2,-300,0.02499999,-81.21593,0,75,False,False,False
61,5.167330,2,-300,0.02499999,-80.75262,0,75,False,False,False
62,5.251574,2,-300,0.02499999,-80.28928,0,75,False,False,False
63,5.336323,2,-300,0.02499999,-79.82314,0,75,False,False,False
64,5.420543,2,-300,0.02499999,-79.35992,0,75,False,False,False
65,5.504016,2,-300,0.02499999,-78.90084,0,75,False,False,False
66,5.587462,2,-300,0.02499999,-78.44187,0,75,False,False,False
67,5.670886,2,-300,0.02499999,-77.98304,0,75,False,False,False
68,5.755798,2,-300,0.02499999,-77.51602,0,75,False,False,False
69,5.840661,2,-300,0.02499999,-77.04926,0,75,False,False,False
70,5.925248,2,-300,0.02499999,-76.58403,0,75,False,False,False
71,6.009989,2,-300,0.02499987,-76.11797,0,75,False,False,False
72,6.094269,2,-300,0.02499999,-75.65442,0,75,False,False,False
73,6.177991,2,-300,0.02499999,-75.19394,0,75,False,False,False
74,6.261578,2,-300,0.02499999,-74.73421,0,75,False,False,False
75,6.346228,2,-300,0.02499999,-74.26863,0,75,False,False,False
76,6.430635,2,-300,0.02499999,-73.80437,0,75,False,False,False
77,6.514631,2,-300,0.02499999,-73.34242,0,75,False,False,False
78,6.599107,2,-300,0.02499987,-72.8778,0,75,False,False,False
79,6.682853,2,-300,0.02499999,-72.41721,0,75,False,False,False
80,6.767660,2,-300,0.02499999,-71.95077,0,75,False,False,False
81,6.851790,2,-300,0.02499987,-71.48804,0,75,False,False,False
82,6.935417,2,-300,0.02499999,-71.0281,0,75,False,False,False
83,7.019346,2,-300,0.02499987,-70.56649,0,75,False,False,False
84,7.102721,2,-300,0.02499999,-70.10793,0,75,False,False,False
85,7.187260,2,-300,0.02499999,-69.64297,0,75,False,False,False
86,7.271524,2,-300,0.02499999,-69.17953,0,75,False,False,False
87,7.356378,2,-300,0.02499999,-68.71282,0,75,False,False,False
88,7.440376,2,-300,0.02499999,-68.25083,0,75,False,False,False
89,7.524679,2,-300,0.02499999,-67.78717,0,75,False,False,False
90,7.609004,2,-300,0.02499999,-67.32339,0,75,False,False,False
91,7.692612,2,-300,0.02499999,-66.86356,0,75,False,False,False
92,7.777384,2,-300,0.02499999,-66.39731,0,75,False,False,False
93,7.861708,2,-300,0.02499999,-65.93353,0,75,False,False,False
94,7.945586,2,-300,0.02499987,-65.47221,0,75,False,False,False
95,8.029763,3,-300,0.02499999,-65.00924,0,100,False,False,False
96,8.113782,3,-300,0.02499999,-64.54714,0,100,False,False,False
97,8.198982,3,-300,0.02499999,-64.07855,0,100,False,False,False
98,8.283209,3,-300,0.02499999,-63.6153,0,100,False,False,False
99,8.367195,3,-300,0.02499999,-63.15338,0,100,False,False,False
100,8.451334,3,-300,0.02499999,-62.69061,0,100,False,False,False
101,8.535063,3,-300,0.02499987,-62.2301,0,100,False,False,False
102,8.618417,3,-300,0.02499999,-61.77165,0,100,False,False,False
103,8.702430,3,-300,0.02499999,-61.30957,0,100,False,False,False
104,8.786554,3,-300,0.02499987,-60.84688,0,100,False,False,False
105,8.869996,3,-300,0.02499999,-60.38795,0,100,False,False,False
106,8.954604,3,-300,0.02499999,-59.92262,0,100,False,False,False
107,9.038509,4,-300,0.02499993,-59.44242,0,100,False,False,False
108,9.121900,4,-300,0.02499999,-59.01392,0,100,False,False,False
109,9.206311,4,-300,0.02499999,-58.62976,0,100,False,False,False
110,9.290095,4,-300,0.02499999,-58.2977,0,100,False,False,False
111,9.373691,4,-300,0.02499999,-58.01537,0,100,False,False,False
112,9.458081,4,-300,0.02499999,-57.78001,0,100,False,False,False
113,9.542765,4,-300,0.02499999,-57.56203,0,100,False,False,False
114,9.626766,4,-300,0.02499987,-57.10004,0,100,False,False,False
115,9.711509,4,-300,0.02499987,-56.63396,0,100,False,False,False
116,9.796263,4,-300,0.02499999,-56.16782,0,100,False,False,False
117,9.880298,4,-300,0.02499999,-55.70563,0,100,False,False,False
118,9.965211,4,-300,0.02499987,-55.23861,0,100,False,False,False
119,10.049149,4,-300,0.02499999,-54.77694,0,100,False,False,False
120,10.132815,4,-300,0.02499999,-54.33652,0,100,False,False,False
121,10.216807,4,-300,0.02499987,-54.06774,0,100,False,False,False
122,10.301861,4,-300,0.02499999,-53.79557,0,100,False,False,False
123,10.386333,4,-300,0.02499999,-53.52526,0,100,False,False,False
124,10.470458,4,-300,0.02499999,-53.25606,0,100,False,False,False
125,10.555277,4,-300,0.02499999,-52.98463,0,100,False,False,False
126,10.638779,4,-300,0.02499999,-52.71742,0,100,False,False,False
127,10.722220,4,-300,0.02499999,-52.45041,0,100,False,False,False
128,10.805699,4,-300,0.02499999,-52.18327,0,100,False,False,False
129,10.889872,4,-300,0.02499999,-51.91391,0,100,False,False,False
130,10.974317,4,-300,0.02499999,-51.64369,0,100,False,False,False
131,11.057977,4,-300,0.02499999,-51.37598,0,100,False,False,False
132,11.142227,4,-300,0.02499999,-51.10637,0,100,False,False,False
133,11.227337,4,-300,0.02499999,-50.83403,0,100,False,False,False
134,11.311114,4,-300,0.02499999,-50.56594,0,100,False,False,False
135,11.394547,4,-300,0.02499999,-50.29895,0,100,False,False,False
136,11.478133,4,-300,0.02499987,-50.03147,0,100,False,False,False
137,11.562464,4,-300,0.02499999,-49.7616,0,100,False,False,False
138,11.647157,4,-300,0.02499999,-49.49058,0,100,False,False,False
139,11.730856,4,-300,0.02499999,-49.22274,0,100,False,False,False
140,11.815299,4,-300,0.02499999,-48.95253,0,100,False,False,False
141,11.900103,4,-300,0.02499999,-48.68116,0,100,False,False,False
142,11.984908,4,-300,0.02499987,-48.40979,0,100,False,False,False
143,12.069149,5,-300,0.02500005,-48.27501,0,100,False,False,False
144,12.153761,5,-300,0.02499999,-48.13963,0,100,False,False,False
145,12.237991,5,-300,0.02499999,-48.00484,0,100,False,False,False
146,12.322719,5,-300,0.02499999,-47.86927,0,100,False,False,False
147,12.407594,5,-300,0.02499999,-47.73348,0,100,False,False,False
148,12.491520,5,-300,0.02499999,-47.5992,0,100,False,False,False
149,12.576290,5,-300,0.02499999,-47.46357,0,100,False,False,False
150,12.659990,5,-300,0.02499999,-47.32965,0,100,False,False,False
151,12.744685,5,-300,0.02499999,-47.19413,0,100,False,False,False
152,12.828698,5,-300,0.02499999,-47.05971,0,100,False,False,False
153,12.912506,5,-300,0.02499999,-46.92561,0,100,False,False,False
154,12.997302,5,-300,0.02499999,-46.78994,0,100,False,False,False
155,13.081067,5,-300,0.02499999,-46.65592,0,100,False,False,False
156,13.165827,5,-300,0.02499999,-46.52031,0,100,False,False,False
157,13.250633,5,-300,0.02499999,-46.38461,0,100,False,False,False
158,13.334882,5,-300,0.02499999,-46.24981,0,100,False,False,False
159,13.418753,5,-300,0.02499999,-46.11562,0,100,False,False,False
160,13.503337,5,-300,0.02499999,-45.98027,0,100,False,False,False
161,13.586854,5,-300,0.02499999,-45.84665,0,100,False,False,False
162,13.671286,5,-300,0.02499999,-45.71156,0,100,False,False,False
163,13.755183,5,-300,0.02499999,-45.57733,0,100,False,False,False
164,13.839773,5,-300,0.02499999,-45.4432,0,100,False,False,False
165,13.923787,5,-300,0.02499999,-45.30879,0,100,False,False,False
166,14.007960,5,-300,0.02499999,-45.17412,0,100,False,False,False
167,14.092798,5,-300,0.02499999,-45.03838,0,100,False,False,False
168,14.176648,5,-300,0.02499999,-44.90422,0,100,False,False,False
169,14.260878,5,-300,0.02499999,-44.76945,0,100,False,False,False
170,14.345684,5,-300,0.02499999,-44.63375,0,100,False,False,False
171,14.429272,5,-300,0.02499999,-44.50001,0,100,False,False,False
172,14.513823,5,-300,0.02499999,-44.3754,0,100,False,False,False
173,14.599000,5,-300,0.02499999,-44.23912,0,100,False,False,False
174,14.682533,5,-300,0.02499999,-44.10546,0,100,False,False,False
175,14.766618,5,-300,0.02499999,-43.97092,0,100,False,False,False
176,14.850644,5,-300,0.02499999,-43.83648,0,100,False,False,False
177,14.934137,5,-300,0.02499999,-43.7029,0,100,False,False,False
178,15.019196,6,-300,0.02499999,-43.60036,0,100,False,False,False
179,15.102655,6,-300,0.02499999,-43.60036,0,100,False,False,False
180,15.186857,6,-300,0.02499999,-43.60036,0,100,False,False,False
181,15.270670,6,-300,0.02499999,-43.60036,0,100,False,False,False
182,15.355919,6,-300,0.02499999,-43.60036,0,100,False,False,False
183,15.440658,6,-300,0.02499999,-43.60036,0,100,False,False,False
184,15.524211,6,-300,0.02499999,-43.60036,0,100,False,False,False
185,15.608663,6,-300,0.02499999,-43.60036,0,100,False,False,False
186,15.693402,6,-300,0.02499999,-43.60036,0,100,False,False,False
187,15.777287,6,-300,0.02499999,-43.60036,0,100,False,False,False
188,15.862490,6,-300,0.02499999,-43.60036,0,100,False,False,False
189,15.947281,6,-300,0.02499999,-43.60036,0,100,False,False,False
190,16.032313,6,-300,0.02499999,-43.60036,0,100,False,False,False
191,16.116481,6,-300,0.02499999,-43.60036,0,100,False,False,False
192,16.201407,6,-300,0.02499999,-43.60036,0,100,False,False,False
193,16.285994,6,-300,0.02499999,-43.60036,0,100,False,False,False
194,16.369599,6,-300,0.02499999,-43.60036,0,100,False,False,False
195,16.454927,6,-300,0.02499999,-43.60036,0,100,False,False,False
196,16.539508,6,-300,0.02499999,-43.60036,0,100,False,False,False
197,16.623262,6,-300,0.02499999,-43.60036,0,100,False,False,False
198,16.708487,6,-300,0.02499999,-43.60036,0,100,False,False,False
199,16.793190,6,-300,0.02499999,-43.60036,0,100,False,False,False
200,16.876772,6,-300,0.02499999,-43.60036,0,100,False,False,False
201,16.961301,6,-300,0.02499999,-43.60036,0,100,False,False,False
202,17.045215,6,-300,0.02499999,-43.60036,0,100,False,False,False
203,17.129203,6,-300,0.02499999,-43.60036,0,100,False,False,False
204,17.213204,6,-300,0.02499999,-43.60036,0,100,False,False,False
205,17.296603,6,-300,0.02499999,-43.60036,0,100,False,False,False
206,17.381643,6,-300,0.02499999,-43.60036,0,100,False,False,False
207,17.466921,6,-300,0.02499999,-43.60036,0,100,False,False,False
208,17.550730,6,-300,0.02499999,-43.60036,0,100,False,False,False
209,17.634694,6,-300,0.02499999,-43.60036,0,100,False,False,False
210,17.718876,6,-300,0.02499999,-43.60036,0,100,False,False,False
211,17.802263,6,-300,0.02499999,-43.60036,0,100,False,False,False
212,17.885899,6,-300,0.02499999,-43.60036,0,100,False,False,False
213,17.969515,6,-300,0.02499999,-43.60036,0,100,False,False,False
214,18.052925,7,-300,0.02499999,-43.60036,-85,100,False,False,False
215,18.138008,7,-300,0.02499999,-43.60036,-85,100,False,False,False
216,18.221882,7,-300,0.02499999,-43.60036,-85,100,False,False,False
217,18.305439,7,-300,0.02499999,-43.60036,-85,100,False,False,False
218,18.389960,7,-300,0.02499999,-43.60036,-85,100,False,False,False
219,18.473628,7,-300,0.02499999,-43.60036,-85,100,False,False,False
220,18.558673,7,-300,0.02499999,-43.60036,-85,100,False,False,False
221,18.642509,7,-300,0.02499999,-43.60036,-85,100,False,False,False
222,18.725933,7,-300,0.02499999,-43.60036,-85,100,False,False,False
223,18.809534,7,-300,0.02499999,-43.60036,-85,100,False,False,False
224,18.893273,7,-300,0.02499999,-43.60036,-85,100,False,False,False
225,18.977252,7,-300,0.02499999,-43.60036,-85,100,False,False,False
226,19.060995,7,-300,0.02499999,-43.60036,-85,100,False,False,False
227,19.145586,7,-300,0.02499999,-43.60036,-85,100,False,False,False
228,19.230315,7,-300,0.02499999,-43.60036,-85,100,False,False,False
229,19.313782,7,-300,0.02499999,-43.60036,-85,100,False,False,False
230,19.397139,7,-300,0.02499999,-43.60036,-85,100,False,False,False
231,19.482503,7,-300,0.02499999,-43.60036,-85,100,False,False,False
232,19.567804,7,-300,0.02499999,-43.60036,-85,100,False,False,False
233,19.652530,7,-300,0.02499999,-43.60036,-85,100,False,False,False
234,19.737049,7,-300,0.02499999,-43.60036,-85,100,False,False,False
235,19.821352,7,-300,0.02499999,-43.60036,-85,100,False,False,False
236,19.906556,7,-300,0.02499999,-43.60036,-85,100,False,False,False
237,19.990526,7,-300,0.02499999,-43.60036,-85,100,False,False,False
238,20.075688,7,-300,0.02499999,-43.60036,-85,100,False,False,False
239,20.160485,7,-300,0.02499999,-43.60036,-85,100,False,False,False
240,20.245508,7,-300,0.02499999,-43.60036,-85,100,False,False,False
241,20.330520,7,-300,0.02499999,-43.60036,-85,100,False,False,False
242,20.414614,7,-300,0.02499999,-43.60036,-85,100,False,False,False
243,20.498780,7,-300,0.02499999,-43.60036,-85,100,False,False,False
244,20.583113,7,-300,0.02499999,-43.60036,-85,100,False,False,False
245,20.669233,7,-300,0.02499999,-43.60036,-85,100,False,False,False
246,20.753821,7,-300,0.02499999,-43.60036,-85,100,False,False,False
247,20.838389,7,-300,0.02499999,-43.60036,-85,100,False,False,False
248,20.922484,7,-300,0.02499999,-43.60036,-85,100,False,False,False
249,21.009456,8,-300,0.02499999,-43.60036,85,100,False,False,False
250,21.094364,8,-300,0.02499999,-43.60036,85,100,False,False,False
251,21.181509,8,-300,0.02499999,-43.60036,85,100,False,False,False
252,21.269917,8,-300,0.02499999,-43.60036,85,100,False,False,False
253,21.354016,8,-300,0.02499999,-43.60036,85,100,False,False,False
254,21.437764,8,-300,0.02499999,-43.60036,85,100,False,False,False
255,21.521805,8,-300,0.02499999,-43.60036,85,100,False,False,False
256,21.605264,8,-300,0.02499999,-43.60036,85,100,False,False,False
257,21.692763,8,-300,0.02499999,-43.60036,85,100,False,False,False
258,21.777181,8,-300,0.02499999,-43.60036,85,100,False,False,False
259,21.865514,8,-300,0.02499999,-43.60036,85,100,False,False,False
260,21.953824,8,-300,0.02499999,-43.60036,85,100,False,False,False
261,22.038431,8,-300,0.02499999,-43.60036,85,100,False,False,False
262,22.121963,8,-300,0.02499999,-43.60036,85,100,False,False,False
263,22.210920,8,-300,0.02499999,-43.60036,85,100,False,False,False
264,22.295119,8,-300,0.02499999,-43.60036,85,100,False,False,False
265,22.385505,8,-300,0.02499999,-43.60036,85,100,False,False,False
266,22.471933,8,-300,0.02499999,-43.60036,85,100,False,False,False
267,22.556539,8,-300,0.02499999,-43.60036,85,100,False,False,False
268,22.640170,8,-300,0.02499999,-43.60036,85,100,False,False,False
269,22.724905,8,-300,0.02499999,-43.60036,85,100,False,False,False
270,22.811603,8,-300,0.02499999,-43.60036,85,100,False,False,False
271,22.895485,8,-300,0.02499999,-43.60036,85,100,False,False,False
272,22.983228,8,-300,0.02499999,-43.60036,85,100,False,False,False
273,23.070763,8,-300,0.02499999,-43.60036,85,100,False,False,False
274,23.155343,8,-300,0.02499999,-43.60036,85,100,False,False,False
275,23.244343,8,-300,0.02499999,-43.60036,85,100,False,False,False
276,23.329309,8,-300,0.02499999,-43.60036,85,100,False,False,False
277,23.419177,8,-300,0.02499999,-43.60036,85,100,False,False,False
278,23.504215,8,-300,0.02499999,-43.60036,85,100,False,False,False
279,23.588663,8,-300,0.02499999,-43.60036,85,100,False,False,False
280,23.677696,8,-300,0.02499999,-43.60036,85,100,False,False,False
281,23.763736,8,-300,0.02499999,-43.60036,85,100,False,False,False
282,23.848160,8,-300,0.02499999,-43.60036,85,100,False,False,False
283,23.932237,8,-300,0.02499999,-43.60036,85,100,False,False,False
284,24.021242,9,-188,0.05,-103,0,75,False,True,False
285,24.106364,9,-188,0.05,-103,0,75,False,True,False
286,24.191223,9,-188,0.05,-103,0,75,False,True,False
287,24.276294,9,-188,0.05,-103,0,75,False,True,False
288,24.360226,9,-188,0.05,-103,0,75,False,True,False
289,24.444808,9,-188,0.05,-103,0,75,False,True,False
290,24.531491,9,-188,0.05,-103,0,75,False,True,False
291,24.615492,9,-188,0.05,-103,0,75,True,False,False
292,24.699956,9,-188,0.05,-103,0,75,True,False,False
293,24.788751,9,-188,0.05,-103,0,75,True,False,False
294,24.873802,9,-188,0.05,-103,0,75,True,False,False
295,24.960413,9,-188,0.05,-103,0,75,True,False,False
296,25.044208,9,-188,0.05,-103,0,75,True,False,False
297,25.129467,9,-188,0.05,-103,0,75,True,False,False
298,25.214583,9,-188,0.05,-103,0,75,True,False,False
299,25.297982,9,-188,0.05,-103,0,75,True,False,False
300,25.381951,9,-188,0.05,-103,0,75,True,False,False
301,25.465637,9,-188,0.05,-103,0,75,True,False,False
302,25.550409,9,-188,0.05,-103,0,75,True,False,False
303,25.634064,9,-188,0.05,-103,0,75,True,False,False
304,25.723258,9,-188,0.05,-103,0,75,True,False,False
305,25.806901,9,-188,0.05,-103,0,75,True,False,False
306,25.890298,9,-188,0.05,-103,0,75,True,False,False
307,25.975390,9,-188,0.05,-103,0,75,True,False,False
308,26.061950,9,-188,0.05,-103,0,75,True,False,False
309,26.148459,9,-188,0.05,-103,0,75,True,False,False
310,26.232815,9,-188,0.05,-103,0,75,True,False,False
311,26.317116,9,-188,0.05,-103,0,75,True,False,False
312,26.406767,9,-188,0.05,-103,0,75,True,False,False
313,26.490476,9,-188,0.05,-103,0,75,True,False,False
314,26.573882,9,-188,0.05,-103,0,75,True,False,False
315,26.658975,9,-188,0.05,-103,0,75,True,False,False
316,26.742661,9,-188,0.05,-103,0,75,True,False,False
317,26.828058,9,-188,0.05,-103,0,75,True,False,False
318,26.915327,9,-188,0.05,-103,0,75,True,False,False
319,27.000243,10,-188,0.05,-103,0,75,True,True,False
320,27.086520,10,-188,0.05,-103,0,75,True,True,False
321,27.171441,10,-188,0.05,-103,0,75,True,True,False
322,27.255978,10,-188,0.05,-103,0,75,True,True,False
323,27.339328,10,-188,0.05,-103,0,75,True,True,False
324,27.423375,10,-188,0.05,-103,0,75,True,True,False
325,27.508671,10,-188,0.05,-103,0,75,True,True,False
326,27.592763,10,-188,0.05,-103,0,75,True,True,False
327,27.677005,10,-188,0.05,-103,0,75,False,False,False
328,27.762431,10,-188,0.05,-103,0,75,False,False,False
329,27.846293,10,-188,0.05,-103,0,75,False,False,False
330,27.932320,10,-188,0.05,-103,0,75,False,False,False
331,28.016433,10,-188,0.05,-103,0,75,False,False,False
332,28.101891,10,-188,0.05,-103,0,75,False,False,False
333,28.186567,10,-188,0.05,-103,0,75,False,False,False
334,28.271652,10,-188,0.05,-103,0,75,False,False,False
335,28.356950,10,-188,0.05,-103,0,75,False,False,False
336,28.441753,10,-188,0.05,-103,0,75,False,False,False
337,28.526493,10,-188,0.05,-103,0,75,False,False,False
338,28.611106,10,-188,0.05,-103,0,75,False,False,False
339,28.695602,10,-188,0.05,-103,0,75,False,False,False
340,28.780873,10,-188,0.05,-103,0,75,False,False,False
341,28.865502,10,-188,0.05,-103,0,75,False,False,False
342,28.949692,10,-188,0.05,-103,0,75,False,False,False
343,29.034600,10,-188,0.05,-103,0,75,False,False,False
344,29.119188,10,-188,0.05,-103,0,75,False,False,False
345,29.203022,10,-188,0.05,-103,0,75,False,False,False
346,29.286431,10,-188,0.05,-103,0,75,False,False,False
347,29.373217,10,-188,0.05,-103,0,75,False,False,False
348,29.457986,10,-188,0.05,-103,0,75,False,False,False
349,29.541826,10,-188,0.05,-103,0,75,False,False,False
350,29.626598,10,-188,0.05,-103,0,75,False,False,False
351,29.711413,10,-188,0.05,-103,0,75,False,False,False
352,29.794894,10,-188,0.05,-103,0,75,False,False,False
353,29.880935,10,-188,0.05,-103,0,75,False,False,False
354,29.968277,10,-188,0.05,-103,0,75,False,False,False
355,30.053964,11,-188,0.05,-103,0,75,False,False,False
356,30.140512,11,-188,0.05,-103,0,75,False,False,False
357,30.225672,11,-188,0.05,-103,0,75,False,False,False
358,30.314266,11,-188,0.05,-103,0,75,False,False,False
359,30.402792,11,-188,0.05,-103,0,75,False,False,False
360,30.489806,11,-188,0.05,-103,0,75,False,False,False
361,30.574684,11,-188,0.05,-103,0,75,False,False,False
362,30.664727,11,-188,0.05,-103,0,75,False,False,False
363,30.752554,11,-188,0.05,-103,0,75,False,False,False
364,30.839595,11,-188,0.05,-103,0,75,False,False,False
365,30.923299,11,-188,0.05,-103,0,75,False,False,False
366,31.007881,11,-188,0.05,-103,0,75,False,False,False
367,31.094425,11,-188,0.05,-103,0,75,False,False,False
368,31.178614,11,-188,0.05,-103,0,75,False,False,False
369,31.262346,11,-188,0.05,-103,0,75,False,False,False
370,31.346051,11,-188,0.05,-103,0,75,False,False,False
371,31.431788,11,-188,0.05,-103,0,75,False,False,False
372,31.517125,11,-188,0.05,-103,0,75,False,False,False
373,31.601601,11,-188,0.05,-103,0,75,False,False,False
374,31.689628,11,-188,0.05,-103,0,75,False,False,False
375,31.774266,11,-188,0.05,-103,0,75,False,False,False
376,31.858897,11,-188,0.05,-103,0,75,False,False,False
377,31.946425,11,-188,0.05,-103,0,75,False,False,False
378,32.030849,11,-188,0.05,-103,0,75,False,False,False
379,32.118161,11,-188,0.05,-103,0,75,False,False,False
380,32.204494,11,-188,0.05,-103,0,75,False,False,False
381,32.290136,11,-188,0.05,-103,0,75,False,False,False
382,32.373500,11,-188,0.05,-103,0,75,False,False,False
383,32.461007,11,-188,0.05,-103,0,75,False,False,False
384,32.549794,11,-188,0.05,-103,0,75,False,False,False
385,32.634853,11,-188,0.05,-103,0,75,False,False,False
386,32.722678,11,-188,0.05,-103,0,75,False,False,False
387,32.806806,11,-188,0.05,-103,0,75,False,False,False
388,32.891826,11,-188,0.05,-103,0,75,False,False,False
389,32.975643,11,-188,0.05,-103,0,75,False,False,False
390,33.059788,12,-188,0.05,-103,0,75,False,False,False
391,33.144828,12,-188,0.05,-103,0,75,False,False,False
392,33.228938,12,-188,0.05,-103,0,75,False,False,False
393,33.315249,12,-188,0.05,-103,0,75,False,False,False
394,33.399889,12,-188,0.05,-103,0,75,False,False,False
395,33.484415,12,-188,0.05,-103,0,75,False,False,False
396,33.569202,12,-188,0.05,-103,0,75,False,False,False
397,33.653913,12,-188,0.05,-103,0,75,False,False,False
398,33.738582,12,-188,0.05,-103,0,75,False,False,False
399,33.823999,12,-188,0.05,-103,0,75,False,False,False
400,33.909017,12,-188,0.05,-103,0,75,False,False,False
401,33.993621,12,-188,0.05,-103,0,75,False,False,False
402,34.081789,12,-188,0.05,-103,0,75,False,False,False
403,34.165320,12,-188,0.05,-103,0,75,False,False,False
404,34.249614,12,-188,0.05,-103,0,75,False,False,False
405,34.334295,12,-188,0.05,-103,0,75,False,False,False
406,34.419276,12,-188,0.05,-103,0,75,False,False,False
407,34.502728,12,-188,0.05,-103,0,75,False,False,False
408,34.587015,12,-188,0.05,-103,0,75,False,False,False
409,34.672676,12,-188,0.05,-103,0,75,False,False,False
410,34.756433,12,-188,0.05,-103,0,75,False,False,False
411,34.841099,12,-188,0.05,-103,0,75,False,False,False
412,34.929826,12,-188,0.05,-103,0,75,False,False,False
413,35.015698,12,-188,0.05,-103,0,75,False,False,False
414,35.100752,12,-188,0.05,-103,0,75,False,False,False
415,35.187612,12,-188,0.05,-103,0,75,False,False,False
416,35.271273,12,-188,0.05,-103,0,75,False,False,False
417,35.355121,12,-188,0.05,-103,0,75,False,False,False
418,35.439039,12,-188,0.05,-103,0,75,False,False,False
419,35.522914,12,-188,0.05,-103,0,75,False,False,False
420,35.610424,12,-188,0.05,-103,0,75,False,False,False
421,35.698870,12,-188,0.05,-103,0,75,False,False,False
422,35.782710,12,-188,0.05,-103,0,75,False,False,False
423,35.866695,12,-188,0.05,-103,0,75,False,False,False
424,35.951567,12,-188,0.05,-103,0,75,False,False,False
