clip,time,rootX,rootY,rootZ,rootYaw,headX,headY,headZ,hipsX,hipsY,hipsZ,meshMinY
Zombie@Damage01,0,0,0,0,0,-0.02428425,1.432988,0.1963464,-0.02219865,0.8561259,0.02081882,-0.002066314
Zombie@Damage01,0.004166667,0,0,0,0,-0.02297682,1.429831,0.192439,-0.0216358,0.8536781,0.01642201,-0.002222031
Zombie@Damage01,0.008333334,0,0,0,0,-0.02166996,1.426625,0.1885297,-0.02107593,0.8512141,0.01203626,-0.002346277
Zombie@Damage01,0.0125,0,0,0,0,-0.0203633,1.423372,0.1846184,-0.02051889,0.8487336,0.007661998,-0.002441019
Zombie@Damage01,0.01666667,0,0,0,0,-0.01905688,1.42007,0.1807062,-0.01996502,0.8462375,0.003299505,-0.002505928
Zombie@Damage01,0.02083333,0,0,0,0,-0.01775058,1.416722,0.1767928,-0.01941437,0.8437259,-0.0010508,-0.002541631
Zombie@Damage01,0.025,0,0,0,0,-0.01644418,1.413327,0.1728789,-0.01886696,0.8411986,-0.005388521,-0.002549231
Zombie@Damage01,0.02916667,0,0,0,0,-0.01513761,1.409885,0.1689648,-0.01832302,0.838656,-0.009713471,-0.002528846
Zombie@Damage01,0.03333334,0,0,0,0,-0.01383075,1.406397,0.1650503,-0.01778268,0.8360984,-0.01402528,-0.002481192
Zombie@Damage01,0.0375,0,0,0,0,-0.01119746,1.402963,0.1578944,-0.01600998,0.8334572,-0.02008564,-0.002281815
Zombie@Damage01,0.04166667,0,0,0,0,-0.008566679,1.399457,0.1507461,-0.01424486,0.8308002,-0.02613354,-0.001998752
Zombie@Damage01,0.04583333,0,0,0,0,-0.005937923,1.395881,0.1436064,-0.01248746,0.8281269,-0.03216885,-0.001632094
Zombie@Damage01,0.05,0,0,0,0,-0.0033107,1.392236,0.1364745,-0.01073825,0.8254384,-0.03819143,-0.001181424
Zombie@Damage01,0.05416667,0,0,0,0,-0.0006844911,1.38852,0.1293523,-0.008997364,0.8227347,-0.04420097,-0.0006482303
Zombie@Damage01,0.05833333,0,0,0,0,0.001941181,1.384735,0.122239,-0.007265241,0.8200158,-0.05019763,-3.21269E-05
Zombie@Damage01,0.0625,0,0,0,0,0.00456675,1.380882,0.115136,-0.0055421,0.8172822,-0.05618099,0.0006666481
Zombie@Damage01,0.06666667,0,0,0,0,0.00719274,1.376961,0.1080434,-0.003828271,0.8145342,-0.06215098,0.00144729
Zombie@Damage01,0.07083333,0,0,0,0,0.009240227,1.379678,0.09877077,-0.001815201,0.815279,-0.06418502,0.001774222
Zombie@Damage01,0.075,0,0,0,0,0.01129349,1.38232,0.08948819,0.0001978055,0.816043,-0.06620824,0.002140522
Zombie@Damage01,0.07916667,0,0,0,0,0.01335242,1.384885,0.08019628,0.002210739,0.8168258,-0.06822125,0.002545774
Zombie@Damage01,0.08333334,0,0,0,0,0.01541713,1.387373,0.07089668,0.004223457,0.8176275,-0.07022492,0.00298965
Zombie@Damage01,0.0875,0,0,0,0,0.01748753,1.389784,0.06159095,0.006235999,0.8184479,-0.07221965,0.003470749
Zombie@Damage01,0.09166667,0,0,0,0,0.01956365,1.392116,0.05228099,0.008248212,0.8192866,-0.07420626,0.003988057
Zombie@Damage01,0.09583333,0,0,0,0,0.0216454,1.394371,0.04296753,0.01025997,0.8201439,-0.07618552,0.004541218
Zombie@Damage01,0.1,0,0,0,0,0.02373276,1.396546,0.03365281,0.01227122,0.8210193,-0.07815787,0.005128086
Zombie@Damage01,0.1041667,0,0,0,0,0.02458795,1.401703,0.02440188,0.01309546,0.8235939,-0.07849225,0.004503399
Zombie@Damage01,0.1083333,0,0,0,0,0.02545151,1.406738,0.01510291,0.01391702,0.8261992,-0.0788161,0.003935933
Zombie@Damage01,0.1125,0,0,0,0,0.02632347,1.411651,0.005758456,0.01473572,0.8288351,-0.07913021,0.003424972
Zombie@Damage01,0.1166667,0,0,0,0,0.02720382,1.41644,-0.003628173,0.01555143,0.8315022,-0.07943533,0.002971083
Zombie@Damage01,0.1208333,0,0,0,0,0.02809269,1.421104,-0.01305527,0.01636402,0.8342002,-0.07973242,0.002573699
Zombie@Damage01,0.125,0,0,0,0,0.02893831,1.425594,-0.02254321,0.01712156,0.8368806,-0.08004619,0.002184391
Zombie@Damage01,0.1291667,0,0,0,0,0.02979391,1.429931,-0.03209692,0.01787709,0.8395671,-0.08038515,0.00210759
Zombie@Damage01,0.1333333,0,0,0,0,0.03069547,1.43394,-0.0419492,0.01866643,0.842084,-0.08098532,0.004255593
Zombie@Damage01,0.1375,0,0,0,0,0.02995286,1.438177,-0.04315671,0.01801526,0.8447903,-0.07926953,0.003783286
Zombie@Damage01,0.1416667,0,0,0,0,0.02920822,1.442355,-0.04436131,0.01735914,0.847492,-0.07753374,0.003325194
Zombie@Damage01,0.1458333,0,0,0,0,0.02846109,1.446473,-0.04556353,0.01669775,0.8501882,-0.07577844,0.002881229
Zombie@Damage01,0.15,0,0,0,0,0.02771107,1.450531,-0.04676215,0.01603052,0.852879,-0.07400385,0.002450913
Zombie@Damage01,0.1541667,0,0,0,0,0.02695758,1.454528,-0.04795662,0.01535705,0.855564,-0.07221046,0.002034307
Zombie@Damage01,0.1583333,0,0,0,0,0.02620013,1.458463,-0.04914685,0.01467683,0.8582428,-0.07039876,0.00163132
Zombie@Damage01,0.1625,0,0,0,0,0.02543819,1.462335,-0.05033277,0.01398929,0.8609149,-0.06856923,0.001241714
Zombie@Damage01,0.1666667,0,0,0,0,0.02467124,1.466144,-0.0515132,0.01329404,0.8635805,-0.0667224,0.0008657277
Zombie@Damage01,0.1708333,0,0,0,0,0.02235017,1.468002,-0.04822654,0.01146565,0.864775,-0.06365347,0.0002257228
Zombie@Damage01,0.175,0,0,0,0,0.02002863,1.469829,-0.04493102,0.009634679,0.8659574,-0.06057695,-0.000404954
Zombie@Damage01,0.1791667,0,0,0,0,0.01770669,1.471624,-0.04162719,0.007801258,0.8671279,-0.05749324,-0.001025051
Zombie@Damage01,0.1833333,0,0,0,0,0.01539467,1.473336,-0.0383928,0.005975582,0.8682354,-0.05448046,-0.001084417
Zombie@Damage01,0.1875,0,0,0,0,0.01308289,1.475015,-0.03515476,0.004147844,0.8693291,-0.05146599,-0.00111112
Zombie@Damage01,0.1916667,0,0,0,0,0.01077085,1.476663,-0.03190909,0.002317538,0.8704118,-0.04844544,-0.001137048
Zombie@Damage01,0.1958333,0,0,0,0,0.008458652,1.47828,-0.02865512,0.0004846206,0.8714837,-0.04541887,-0.001162887
Zombie@Damage01,0.2,0,0,0,0,0.006146335,1.479866,-0.02539324,-0.001350774,0.8725447,-0.04238659,-0.001188487
Zombie@Damage01,0.2041667,0,0,0,0,0.003516891,1.479267,-0.02199359,-0.003410855,0.8719983,-0.04049326,-0.001393259
Zombie@Damage01,0.2083333,0,0,0,0,0.0008925864,1.478653,-0.01859294,-0.00546721,0.8714485,-0.03859888,-0.001585484
Zombie@Damage01,0.2125,0,0,0,0,-0.001726665,1.478026,-0.01519132,-0.007519796,0.8708955,-0.03670342,-0.001764119
Zombie@Damage01,0.2166667,0,0,0,0,-0.004340318,1.477385,-0.01178851,-0.009568386,0.8703389,-0.03480658,-0.001930177
Zombie@Damage01,0.2208333,0,0,0,0,-0.006948554,1.47673,-0.008384392,-0.01161298,0.8697793,-0.03290866,-0.002083093
Zombie@Damage01,0.225,0,0,0,0,-0.009550992,1.476062,-0.004979318,-0.01365341,0.8692172,-0.03100956,-0.002222717
Zombie@Damage01,0.2291667,0,0,0,0,-0.01214757,1.47538,-0.001572867,-0.01568953,0.8686522,-0.02910908,-0.002348632
Zombie@Damage01,0.2333333,0,0,0,0,-0.0147382,1.474686,0.001834991,-0.01772131,0.868085,-0.02720743,-0.002460599
Zombie@Damage01,0.2375,0,0,0,0,-0.01634392,1.472497,0.007608087,-0.01894572,0.8662759,-0.02563533,-0.002559751
Zombie@Damage01,0.2416667,0,0,0,0,-0.01798208,1.470235,0.01335627,-0.02020252,0.864428,-0.02408636,-0.002676368
Zombie@Damage01,0.2458333,0,0,0,0,-0.01961727,1.467947,0.01910171,-0.02145637,0.8625855,-0.02253839,-0.00276649
Zombie@Damage01,0.25,0,0,0,0,-0.0212494,1.465631,0.02484391,-0.02270711,0.8607484,-0.02099128,-0.002830148
Zombie@Damage01,0.2541667,0,0,0,0,-0.02287838,1.463287,0.03058279,-0.02395467,0.8589171,-0.01944505,-0.002866685
Zombie@Damage01,0.2583333,0,0,0,0,-0.02450418,1.460917,0.03631832,-0.02519909,0.8570919,-0.01789956,-0.002875715
Zombie@Damage01,0.2625,0,0,0,0,-0.02612672,1.45852,0.04204994,-0.02644021,0.8552725,-0.01635463,-0.002858371
Zombie@Damage01,0.2666667,0,0,0,0,-0.02774586,1.456097,0.04777727,-0.02767803,0.8534594,-0.01481017,-0.002812922
Zombie@Damage01,0.2708333,0,0,0,0,-0.02874637,1.452863,0.05579443,-0.02823769,0.8509778,-0.01325892,-0.003017843
Zombie@Damage01,0.275,0,0,0,0,-0.02973762,1.449569,0.06380618,-0.02879064,0.8485091,-0.01170706,-0.003160149
Zombie@Damage01,0.2791667,0,0,0,0,-0.03071951,1.446216,0.07181155,-0.02933687,0.8460539,-0.01015443,-0.003238112
Zombie@Damage01,0.2833333,0,0,0,0,-0.03169164,1.442805,0.07980928,-0.02987628,0.843612,-0.008600678,-0.003252625
Zombie@Damage01,0.2875,0,0,0,0,-0.03265393,1.439335,0.0877991,-0.03040873,0.8411831,-0.007045355,-0.003203094
Zombie@Damage01,0.2916667,0,0,0,0,-0.03360594,1.435806,0.09577911,-0.0309341,0.8387678,-0.005488459,-0.003088534
Zombie@Damage01,0.2958333,0,0,0,0,-0.03454774,1.432219,0.1037493,-0.03145248,0.8363661,-0.003929537,-0.002909392
Zombie@Damage01,0.3,0,0,0,0,-0.03547886,1.428575,0.1117077,-0.03196362,0.8339781,-0.002368435,-0.002664179
Zombie@Damage01,0.3041667,0,0,0,0,-0.03623281,1.425094,0.1207736,-0.03219587,0.8319669,-0.0009745359,-0.002975404
Zombie@Damage01,0.3083333,0,0,0,0,-0.03696751,1.421528,0.1298297,-0.03241968,0.8299767,0.0004248321,-0.003207862
Zombie@Damage01,0.3125,0,0,0,0,-0.0376825,1.417876,0.1388731,-0.03263484,0.8280076,0.00183019,-0.003360063
Zombie@Damage01,0.3166667,0,0,0,0,-0.03837733,1.41414,0.1479028,-0.03284124,0.8260599,0.003242016,-0.003431588
Zombie@Damage01,0.3208333,0,0,0,0,-0.03905128,1.410319,0.1569161,-0.03303874,0.824133,0.004660904,-0.003421426
Zombie@Damage01,0.325,0,0,0,0,-0.03970409,1.406414,0.1659116,-0.0332272,0.8222274,0.006087489,-0.003328651
Zombie@Damage01,0.3291667,0,0,0,0,-0.04033512,1.402426,0.1748878,-0.03340655,0.8203427,0.007522196,-0.003153235
Zombie@Damage01,0.3333333,0,0,0,0,-0.04094403,1.398355,0.1838418,-0.03357664,0.8184788,0.008965634,-0.002893776
Zombie@Damage01,0.3375,0,0,0,0,-0.0409666,1.396262,0.1892823,-0.03345687,0.817753,0.009893209,-0.002943784
Zombie@Damage01,0.3416667,0,0,0,0,-0.04098036,1.394139,0.1947167,-0.03333464,0.8170356,0.01082604,-0.002966881
Zombie@Damage01,0.3458333,0,0,0,0,-0.04098526,1.391984,0.2001445,-0.03320999,0.8163267,0.01176415,-0.002963513
Zombie@Damage01,0.35,0,0,0,0,-0.04098114,1.389799,0.2055655,-0.03308278,0.8156258,0.01270774,-0.002933055
Zombie@Damage01,0.3541667,0,0,0,0,-0.04096801,1.387584,0.210979,-0.0329531,0.8149333,0.01365701,-0.002875894
Zombie@Damage01,0.3583333,0,0,0,0,-0.04094569,1.385339,0.2163846,-0.03282088,0.8142489,0.0146119,-0.002791822
Zombie@Damage01,0.3625,0,0,0,0,-0.04091408,1.383064,0.2217821,-0.03268619,0.8135725,0.01557272,-0.00268057
Zombie@Damage01,0.3666667,0,0,0,0,-0.04087312,1.380759,0.227171,-0.03254898,0.8129045,0.01653966,-0.0025419
Zombie@Damage01,0.3708333,0,0,0,0,-0.04031687,1.381113,0.2285947,-0.0321806,0.8136495,0.01706399,-0.002458215
Zombie@Damage01,0.375,0,0,0,0,-0.03975893,1.381463,0.2300201,-0.0318111,0.8143939,0.01759195,-0.002373457
Zombie@Damage01,0.3791667,0,0,0,0,-0.03919925,1.38181,0.2314474,-0.03144054,0.8151377,0.01812363,-0.002287984
Zombie@Damage01,0.3833333,0,0,0,0,-0.03863796,1.382153,0.2328765,-0.03106899,0.8158808,0.01865906,-0.002201438
Zombie@Damage01,0.3875,0,0,0,0,-0.03807507,1.382492,0.2343076,-0.03069633,0.816623,0.01919834,-0.002114087
Zombie@Damage01,0.3916667,0,0,0,0,-0.03751067,1.382828,0.2357407,-0.03032291,0.8173646,0.01974171,-0.00202617
Zombie@Damage01,0.3958333,0,0,0,0,-0.03694482,1.38316,0.2371762,-0.02994847,0.8181052,0.0202891,-0.001937568
Zombie@Damage01,0.4,0,0,0,0,-0.03637746,1.383487,0.2386141,-0.0295732,0.8188451,0.02084069,-0.001848489
Zombie@Damage01,0.4041667,0,0,0,0,-0.0356628,1.385999,0.2370567,-0.02912905,0.8208247,0.0209785,-0.001833797
Zombie@Damage01,0.4083333,0,0,0,0,-0.03494583,1.388502,0.2355031,-0.02868246,0.8228011,0.02112222,-0.001813561
Zombie@Damage01,0.4125,0,0,0,0,-0.03422666,1.390993,0.233953,-0.02823361,0.8247739,0.02127209,-0.00178799
Zombie@Damage01,0.4166667,0,0,0,0,-0.03350547,1.393475,0.232407,-0.02778262,0.8267431,0.02142836,-0.001756936
Zombie@Damage01,0.4208333,0,0,0,0,-0.03278241,1.395946,0.2308651,-0.02732962,0.8287082,0.02159114,-0.001720667
Zombie@Damage01,0.425,0,0,0,0,-0.03205764,1.398406,0.2293275,-0.02687483,0.8306693,0.02176068,-0.00167945
Zombie@Damage01,0.4291667,0,0,0,0,-0.03133129,1.400855,0.2277949,-0.02641832,0.8326264,0.02193717,-0.001632869
Zombie@Damage01,0.4333333,0,0,0,0,-0.03060359,1.403293,0.2262669,-0.02596029,0.8345793,0.02212083,-0.001581013
Zombie@Damage01,0.4375,0,0,0,0,-0.03003184,1.406028,0.2236643,-0.02561625,0.8365436,0.02200685,-0.001645625
Zombie@Damage01,0.4416667,0,0,0,0,-0.02945847,1.408748,0.2210644,-0.02527128,0.8385047,0.02189928,-0.001700938
Zombie@Damage01,0.4458333,0,0,0,0,-0.0288837,1.411452,0.2184668,-0.02492549,0.8404623,0.02179817,-0.001746923
Zombie@Damage01,0.45,0,0,0,0,-0.02830741,1.414141,0.2158728,-0.02457877,0.8424162,0.02170375,-0.001784414
Zombie@Damage01,0.4541667,0,0,0,0,-0.02772991,1.416815,0.2132823,-0.02423138,0.8443672,0.02161607,-0.001812816
Zombie@Damage01,0.4583333,0,0,0,0,-0.02715112,1.419473,0.2106946,-0.02388326,0.8463146,0.02153531,-0.0018318
Zombie@Damage01,0.4625,0,0,0,0,-0.02657118,1.422116,0.2081112,-0.02353461,0.8482587,0.02146155,-0.001842111
Zombie@Damage01,0.4666667,0,0,0,0,-0.02598999,1.424743,0.2055315,-0.02318525,0.8501993,0.02139493,-0.001843542
Zombie@Damage01,0.4708333,0,0,0,0,-0.02577715,1.425783,0.2043807,-0.02306186,0.8509417,0.02131809,-0.001877308
Zombie@Damage01,0.475,0,0,0,0,-0.02556417,1.42682,0.2032304,-0.02293845,0.8516837,0.02124266,-0.001909137
Zombie@Damage01,0.4791667,0,0,0,0,-0.02535114,1.427855,0.202081,-0.02281513,0.8524253,0.02116849,-0.001939476
Zombie@Damage01,0.4833333,0,0,0,0,-0.02513789,1.428886,0.2009325,-0.02269174,0.8531662,0.02109583,-0.001967996
Zombie@Damage01,0.4875,0,0,0,0,-0.02492468,1.429916,0.1997845,-0.02256841,0.8539068,0.02102439,-0.001995236
Zombie@Damage01,0.4916667,0,0,0,0,-0.02471126,1.430943,0.1986377,-0.02244515,0.8546471,0.02095456,-0.002020389
Zombie@Damage01,0.4958333,0,0,0,0,-0.02449784,1.431967,0.1974916,-0.02232195,0.8553868,0.02088595,-0.002044201
Zombie@Damage01,0.5,0,0,0,0,-0.02428425,1.432988,0.1963464,-0.02219865,0.8561259,0.02081882,-0.002066314
LS_Zombie_Death,0,0,0,0,0,-0.02428425,1.440055,0.1963465,-0.02219865,0.8631926,0.02081889,0.004999965
LS_Zombie_Death,0.01111111,0,0,0,0,-0.02398592,1.476774,0.218069,-0.0221021,0.919553,-0.002091549,0.003333837
LS_Zombie_Death,0.02222222,0,0,0,0,-0.02333752,1.498586,0.2379084,-0.02219789,0.9657106,-0.02444381,0.001667678
LS_Zombie_Death,0.03333334,0,0,0,0,-0.0220426,1.499993,0.253848,-0.02218361,0.9958197,-0.04771298,0.004999936
LS_Zombie_Death,0.04444445,0,0,0,0,-0.02807201,1.532085,0.2131816,-0.0233068,1.021103,-0.07187708,0.001697093
LS_Zombie_Death,0.05555556,0,0,0,0,-0.03399448,1.562926,0.1726718,-0.02441394,1.045868,-0.09563781,0.003392607
LS_Zombie_Death,0.06666667,0,0,0,0,-0.03979379,1.599423,0.132438,-0.02550564,1.077038,-0.118938,0.01903179
LS_Zombie_Death,0.07777778,0,0,0,0,-0.04896619,1.65157,0.06335169,-0.0258829,1.111923,-0.1433436,0.05304654
LS_Zombie_Death,0.08888889,0,0,0,0,-0.05770256,1.700161,-0.006583688,-0.02642715,1.147474,-0.1669543,0.07982561
LS_Zombie_Death,0.1,0,0,0,0,-0.06597033,1.742163,-0.07682624,-0.02719479,1.180861,-0.1898982,0.1100106
LS_Zombie_Death,0.1111111,0,0,0,0,-0.06770208,1.784856,-0.170994,-0.02711699,1.211119,-0.2139622,0.1434545
LS_Zombie_Death,0.1222222,0,0,0,0,-0.0685094,1.816974,-0.2666873,-0.02721319,1.240019,-0.237985,0.1787176
LS_Zombie_Death,0.1333333,0,0,0,0,-0.06840061,1.836334,-0.3622066,-0.02750104,1.265517,-0.2620221,0.2135216
LS_Zombie_Death,0.1444445,0,0,0,0,-0.06345136,1.842613,-0.4915091,-0.02765225,1.287492,-0.2843165,0.2594977
LS_Zombie_Death,0.1555556,0,0,0,0,-0.05685517,1.823916,-0.6186439,-0.02782971,1.308109,-0.3078986,0.3071855
LS_Zombie_Death,0.1666667,0,0,0,0,-0.04904404,1.779368,-0.7382648,-0.02798418,1.32505,-0.333786,0.3536323
LS_Zombie_Death,0.1777778,0,0,0,0,-0.04253372,1.692855,-0.8474944,-0.02826064,1.336715,-0.3535451,0.4075646
LS_Zombie_Death,0.1888889,0,0,0,0,-0.03653767,1.58191,-0.9344833,-0.02884289,1.344312,-0.3780621,0.4609905
LS_Zombie_Death,0.2,0,0,0,0,-0.03135555,1.461078,-0.9950141,-0.02944492,1.353386,-0.4081745,0.5185276
LS_Zombie_Death,0.2111111,0,0,0,0,-0.03124778,1.365868,-1.017878,-0.02980596,1.352814,-0.4282678,0.5784351
LS_Zombie_Death,0.2222222,0,0,0,0,-0.03129959,1.270038,-1.027249,-0.03023731,1.350339,-0.4509205,0.6223499
LS_Zombie_Death,0.2333333,0,0,0,0,-0.03146018,1.179313,-1.02349,-0.03070128,1.348148,-0.4758173,0.6599547
LS_Zombie_Death,0.2444444,0,0,0,0,-0.0318993,1.113325,-1.022762,-0.03062036,1.338668,-0.4957849,0.7282755
LS_Zombie_Death,0.2555556,0,0,0,0,-0.03212848,1.050467,-1.015758,-0.03047833,1.329979,-0.5154574,0.7998737
LS_Zombie_Death,0.2666667,0,0,0,0,-0.03215002,0.9891535,-1.00282,-0.03027903,1.319524,-0.5346998,0.7869148
LS_Zombie_Death,0.2777778,0,0,0,0,-0.03240154,0.9382272,-1.006293,-0.0298337,1.304211,-0.556968,0.7358568
LS_Zombie_Death,0.2888889,0,0,0,0,-0.03231836,0.8875136,-1.004763,-0.0291773,1.287838,-0.5776318,0.6856988
LS_Zombie_Death,0.3,0,0,0,0,-0.03197914,0.8342768,-0.9985455,-0.02839356,1.267122,-0.5967343,0.6332406
LS_Zombie_Death,0.3111111,0,0,0,0,-0.03041844,0.7880939,-1.009032,-0.02683768,1.240519,-0.621401,0.5878301
LS_Zombie_Death,0.3222222,0,0,0,0,-0.02974361,0.7386929,-1.016323,-0.02624079,1.209658,-0.6445346,0.5402358
LS_Zombie_Death,0.3333333,0,0,0,0,-0.02930005,0.6856641,-1.021124,-0.02594947,1.17391,-0.6666757,0.4899956
LS_Zombie_Death,0.3444445,0,0,0,0,-0.02865949,0.6331843,-1.029681,-0.02619353,1.131976,-0.689273,0.4380494
LS_Zombie_Death,0.3555556,0,0,0,0,-0.02811641,0.5762376,-1.036949,-0.02655535,1.08508,-0.7109967,0.3818817
LS_Zombie_Death,0.3666667,0,0,0,0,-0.02768106,0.5157194,-1.042993,-0.0270449,1.034089,-0.7318768,0.3217447
LS_Zombie_Death,0.3777778,0,0,0,0,-0.0277023,0.4547768,-1.046901,-0.02817972,0.9784159,-0.7516743,0.2587646
LS_Zombie_Death,0.3888889,0,0,0,0,-0.02749526,0.3911282,-1.049584,-0.02911123,0.919112,-0.7706808,0.1913683
LS_Zombie_Death,0.4,0,0,0,0,-0.02704502,0.327298,-1.051196,-0.02981269,0.858689,-0.7890061,0.1267611
LS_Zombie_Death,0.4111111,0,0,0,0,-0.02714132,0.2731027,-1.080946,-0.02990081,0.7931969,-0.8083166,0.07821035
LS_Zombie_Death,0.4222222,0,0,0,0,-0.02712436,0.219149,-1.108535,-0.02987558,0.7271274,-0.8269342,0.0392611
LS_Zombie_Death,0.4333333,0,0,0,0,-0.02699762,0.1702403,-1.134079,-0.0297376,0.6654609,-0.8450528,0.005000114
LS_Zombie_Death,0.4444444,0,0,0,0,-0.02778149,0.1576123,-1.209609,-0.02924226,0.6142846,-0.8641201,0.003627896
LS_Zombie_Death,0.4555556,0,0,0,0,-0.02836401,0.1419833,-1.278388,-0.02885548,0.5519848,-0.8834239,0.004284859
LS_Zombie_Death,0.4666667,0,0,0,0,-0.028717,0.1267926,-1.3361,-0.0285427,0.4833578,-0.8998589,0.005000114
LS_Zombie_Death,0.4777778,0,0,0,0,-0.02773197,0.1134009,-1.387895,-0.02801935,0.4096898,-0.9158344,0.009618998
LS_Zombie_Death,0.4888889,0,0,0,0,-0.02670735,0.13018,-1.432981,-0.02748862,0.3620693,-0.9343557,-0.002995372
LS_Zombie_Death,0.5,0,0,0,0,-0.02540603,0.1683681,-1.471508,-0.02670545,0.3333976,-0.9560738,0.004999995
LS_Zombie_Death,0.5111111,0,0,0,0,-0.02616475,0.2012142,-1.495807,-0.02680249,0.2594602,-0.9661995,-0.005737305
LS_Zombie_Death,0.5222222,0,0,0,0,-0.02672562,0.2546176,-1.501681,-0.02697183,0.2060392,-0.9825178,-0.004510045
LS_Zombie_Death,0.5333334,0,0,0,0,-0.02717359,0.320339,-1.490112,-0.0272816,0.1718627,-1.004617,0.004999876
LS_Zombie_Death,0.5444444,0,0,0,0,-0.02682888,0.3161968,-1.495958,-0.02703492,0.1534429,-0.9999261,-0.0001991987
LS_Zombie_Death,0.5555556,0,0,0,0,-0.02667323,0.3383658,-1.500273,-0.02696634,0.1602287,-0.9952821,0.02142203
LS_Zombie_Death,0.5666667,0,0,0,0,-0.02673458,0.3624666,-1.502892,-0.02707569,0.1680623,-0.9907451,0.04527497
LS_Zombie_Death,0.5777778,0,0,0,0,-0.02711922,0.3730744,-1.509135,-0.02711803,0.1739133,-0.9905509,0.05800843
LS_Zombie_Death,0.5888889,0,0,0,0,-0.02757961,0.3829519,-1.514752,-0.02722263,0.17889,-0.990344,0.06600052
LS_Zombie_Death,0.6,0,0,0,0,-0.02812161,0.390746,-1.519713,-0.02738958,0.1816738,-0.9901238,0.0652343
LS_Zombie_Death,0.6111111,0,0,0,0,-0.02862668,0.3905436,-1.528059,-0.02775455,0.1847277,-0.991307,0.06611508
LS_Zombie_Death,0.6222222,0,0,0,0,-0.02908595,0.3881649,-1.53598,-0.02806962,0.1857139,-0.9925464,0.06530029
LS_Zombie_Death,0.6333333,0,0,0,0,-0.02949992,0.3841667,-1.543453,-0.02833295,0.1851895,-0.9938331,0.06335121
LS_Zombie_Death,0.6444445,0,0,0,0,-0.02973562,0.3717765,-1.553864,-0.02837021,0.184133,-0.9962634,0.06150705
LS_Zombie_Death,0.6555555,0,0,0,0,-0.03008064,0.3576774,-1.563833,-0.02852098,0.1816579,-0.9988077,0.05822295
LS_Zombie_Death,0.6666667,0,0,0,0,-0.03053715,0.3424882,-1.573321,-0.02878677,0.1783607,-1.001444,0.05421692
LS_Zombie_Death,0.6777778,0,0,0,0,-0.03101329,0.3204229,-1.584026,-0.02889292,0.1736304,-1.004808,0.04926586
LS_Zombie_Death,0.6888889,0,0,0,0,-0.0315508,0.2976351,-1.594156,-0.02906966,0.1685163,-1.008361,0.04394335
LS_Zombie_Death,0.7,0,0,0,0,-0.0321405,0.274713,-1.603642,-0.02930797,0.1635679,-1.012049,0.03879863
LS_Zombie_Death,0.7111111,0,0,0,0,-0.03218915,0.2533411,-1.610896,-0.02948883,0.1578321,-1.015964,0.03055334
LS_Zombie_Death,0.7222223,0,0,0,0,-0.03228733,0.2332283,-1.617518,-0.02972594,0.1534534,-1.019759,0.01986206
LS_Zombie_Death,0.7333333,0,0,0,0,-0.03239313,0.2152002,-1.623257,-0.02997742,0.1512379,-1.023187,0.01110148
LS_Zombie_Death,0.7444445,0,0,0,0,-0.0313256,0.2049341,-1.623211,-0.02995972,0.1523005,-1.023517,0.004954696
LS_Zombie_Death,0.7555556,0,0,0,0,-0.03013181,0.200946,-1.622176,-0.02982528,0.1596441,-1.023252,0.005254149
LS_Zombie_Death,0.7666667,0,0,0,0,-0.02879895,0.1962425,-1.619996,-0.02955872,0.1662614,-1.022236,0.004999995
LS_Zombie_Death,0.7777778,0,0,0,0,-0.02730124,0.1922322,-1.618843,-0.02934386,0.1735477,-1.023172,0.005140781
LS_Zombie_Death,0.7888889,0,0,0,0,-0.02570769,0.1874946,-1.615817,-0.0290323,0.1800793,-1.022698,0.004728198
LS_Zombie_Death,0.8,0,0,0,0,-0.02412665,0.1834218,-1.611129,-0.02872736,0.1872306,-1.021023,0.005000114
LS_Zombie_Death,0.8111112,0,0,0,0,-0.0237369,0.2088833,-1.610861,-0.02830469,0.2126897,-1.020755,0.004594207
LS_Zombie_Death,0.8222222,0,0,0,0,-0.02323984,0.2928821,-1.609593,-0.02777474,0.2966862,-1.019488,0.00487411
LS_Zombie_Death,0.8333334,0,0,0,0,-0.02263571,0.3749133,-1.60729,-0.02713767,0.378715,-1.017186,0.005000114
LS_Zombie_Death,0.8444445,0,0,0,0,-0.02253642,0.3609208,-1.60822,-0.02703838,0.3647224,-1.018117,0.00440228
LS_Zombie_Death,0.8555556,0,0,0,0,-0.02214452,0.3463131,-1.606132,-0.02664648,0.3501147,-1.016029,0.003651738
LS_Zombie_Death,0.8666667,0,0,0,0,-0.02168517,0.3900133,-1.603128,-0.02618713,0.393815,-1.013024,0.004999995
LS_Zombie_Death,0.8777778,0,0,0,0,-0.02213942,0.3862065,-1.602917,-0.02664138,0.3900082,-1.012813,0.003528118
LS_Zombie_Death,0.8888889,0,0,0,0,-0.02268434,0.3839645,-1.602307,-0.0271863,0.3877662,-1.012203,0.004155278
LS_Zombie_Death,0.9,0,0,0,0,-0.02332051,0.3813731,-1.60129,-0.02782248,0.3851748,-1.011186,0.004999876
LS_Zombie_Death,0.9111111,0,0,0,0,-0.02375998,0.3737423,-1.601018,-0.02826194,0.377544,-1.010915,0.004454017
LS_Zombie_Death,0.9222223,0,0,0,0,-0.02426028,0.3662031,-1.600497,-0.02876224,0.3700048,-1.010394,0.004125357
LS_Zombie_Death,0.9333333,0,0,0,0,-0.02481887,0.3597446,-1.599729,-0.02932083,0.3635463,-1.009626,0.004999876
LS_Zombie_Death,0.9444445,0,0,0,0,-0.02474061,0.3570572,-1.599757,-0.02924258,0.3608589,-1.009654,0.004229784
LS_Zombie_Death,0.9555556,0,0,0,0,-0.02466108,0.3550172,-1.599779,-0.02916304,0.3588189,-1.009676,0.004662752
LS_Zombie_Death,0.9666667,0,0,0,0,-0.02458032,0.3616249,-1.599795,-0.02908228,0.3654266,-1.009692,0.004999876
LS_Zombie_Death,0.9777778,0,0,0,0,-0.02453033,0.3669049,-1.599761,-0.02903229,0.3707065,-1.009657,0.005054951
LS_Zombie_Death,0.9888889,0,0,0,0,-0.02448145,0.3717853,-1.599722,-0.02898341,0.375587,-1.009618,0.005014181
LS_Zombie_Death,1,0,0,0,0,-0.02443353,0.3763672,-1.599678,-0.02893549,0.3801689,-1.009574,0.004999995
LS_Zombie_Death,1.011111,0,0,0,0,-0.0244596,0.3783342,-1.599649,-0.02896157,0.3821359,-1.009545,0.004998326
LS_Zombie_Death,1.022222,0,0,0,0,-0.02448495,0.3802554,-1.599619,-0.02898691,0.3840571,-1.009516,0.00502336
LS_Zombie_Death,1.033333,0,0,0,0,-0.02450952,0.3839163,-1.599588,-0.02901148,0.387718,-1.009485,0.005000234
LS_Zombie_Death,1.044444,0,0,0,0,-0.0245623,0.3883369,-1.599543,-0.02906426,0.3921386,-1.00944,0.004995346
LS_Zombie_Death,1.055556,0,0,0,0,-0.0246159,0.392527,-1.599496,-0.02911786,0.3963286,-1.009393,0.004941821
LS_Zombie_Death,1.066667,0,0,0,0,-0.0246703,0.3966366,-1.599447,-0.02917226,0.4004382,-1.009344,0.004999995
LS_Zombie_Death,1.077778,0,0,0,0,-0.02467096,0.3965622,-1.599446,-0.02917292,0.4003639,-1.009342,0.004925609
LS_Zombie_Death,1.088889,0,0,0,0,-0.0246718,0.3965986,-1.599444,-0.02917376,0.4004003,-1.009341,0.004961967
LS_Zombie_Death,1.1,0,0,0,0,-0.02467284,0.3966366,-1.599443,-0.0291748,0.4004382,-1.009339,0.004999995
LS_Zombie_Death,1.111111,0,0,0,0,-0.02467309,0.3966354,-1.599442,-0.02917505,0.4004371,-1.009338,0.004998803
LS_Zombie_Death,1.122222,0,0,0,0,-0.02467335,0.3966357,-1.599442,-0.02917531,0.4004374,-1.009338,0.004999042
LS_Zombie_Death,1.133333,0,0,0,0,-0.02467364,0.3966366,-1.599441,-0.0291756,0.4004383,-1.009338,0.004999995
LS_Zombie_Death,1.144444,0,0,0,0,-0.02467364,0.3966362,-1.599441,-0.0291756,0.4004379,-1.009338,0.004999638
LS_Zombie_Death,1.155556,0,0,0,0,-0.02467364,0.3966364,-1.599441,-0.0291756,0.4004381,-1.009338,0.004999876
LS_Zombie_Death,1.166667,0,0,0,0,-0.02467364,0.3966366,-1.599441,-0.0291756,0.4004383,-1.009338,0.004999995
LS_Zombie_Death,1.177778,0,0,0,0,-0.02467364,0.3966366,-1.599441,-0.0291756,0.4004383,-1.009338,0.004999995
LS_Zombie_Death,1.188889,0,0,0,0,-0.02467364,0.3966366,-1.599441,-0.0291756,0.4004383,-1.009338,0.004999995
LS_Zombie_Death,1.2,0,0,0,0,-0.02467364,0.3966366,-1.599441,-0.0291756,0.4004383,-1.009338,0.004999995
LS_Zombie_Death,1.211111,0,0,0,0,-0.02467364,0.3966366,-1.599441,-0.0291756,0.4004383,-1.009338,0.004999995
LS_Zombie_Death,1.222222,0,0,0,0,-0.02467364,0.3966366,-1.599441,-0.0291756,0.4004383,-1.009338,0.004999995
LS_Zombie_Death,1.233333,0,0,0,0,-0.02467364,0.3966366,-1.599441,-0.0291756,0.4004383,-1.009338,0.004999995
LS_Zombie_Death,1.244444,0,0,0,0,-0.02467364,0.3966366,-1.599441,-0.0291756,0.4004383,-1.009338,0.004999995
LS_Zombie_Death,1.255556,0,0,0,0,-0.02467364,0.3966366,-1.599441,-0.0291756,0.4004383,-1.009338,0.004999995
LS_Zombie_Death,1.266667,0,0,0,0,-0.02467364,0.3966366,-1.599441,-0.0291756,0.4004383,-1.009338,0.004999995
LS_Zombie_Death,1.277778,0,0,0,0,-0.02467364,0.3966366,-1.599441,-0.0291756,0.4004383,-1.009338,0.004999995
LS_Zombie_Death,1.288889,0,0,0,0,-0.02467364,0.3966366,-1.599441,-0.0291756,0.4004383,-1.009338,0.004999995
LS_Zombie_Death,1.3,0,0,0,0,-0.02467364,0.3966366,-1.599441,-0.0291756,0.4004383,-1.009338,0.004999995
LS_Zombie_Death,1.311111,0,0,0,0,-0.02467364,0.3966366,-1.599441,-0.0291756,0.4004383,-1.009338,0.004999995
LS_Zombie_Death,1.322222,0,0,0,0,-0.02467364,0.3966366,-1.599441,-0.0291756,0.4004383,-1.009338,0.004999995
LS_Zombie_Death,1.333333,0,0,0,0,-0.02467364,0.3966366,-1.599441,-0.0291756,0.4004383,-1.009338,0.004999995
