frame,realtime_seconds,phase,weapon_state,magazine,reserve,reload_committed,melee_state,fov,width,height
0,0.043641,1,Ready,30,90,False,Ready,75,3323,1861
1,0.128897,1,Ready,30,90,False,Ready,75,3323,1861
2,0.213817,1,Ready,30,90,False,Ready,75,3323,1861
3,0.299220,1,Ready,30,90,False,Ready,75,3323,1861
4,0.384496,1,Ready,30,90,False,Ready,75,3323,1861
5,0.469889,1,Ready,30,90,False,Ready,75,3323,1861
6,0.554076,1,Ready,30,90,False,Ready,75,3323,1861
7,0.639214,1,Ready,30,90,False,Ready,75,3323,1861
8,0.724430,1,Ready,30,90,False,Ready,75,3323,1861
9,0.808635,1,Ready,30,90,False,Ready,75,3323,1861
10,0.893707,1,Ready,30,90,False,Ready,75,3323,1861
11,0.978426,1,Ready,30,90,False,Ready,75,3323,1861
12,1.062707,1,Ready,30,90,False,Ready,75,3323,1861
13,1.147454,1,Ready,30,90,False,Ready,75,3323,1861
14,1.231172,1,Ready,30,90,False,Ready,75,3323,1861
15,1.314533,1,Ready,30,90,False,Ready,75,3323,1861
16,1.399290,1,Ready,30,90,False,Ready,75,3323,1861
17,1.483808,1,Ready,30,90,False,Ready,75,3323,1861
18,1.568284,1,Ready,30,90,False,Ready,75,3323,1861
19,1.651942,1,Ready,30,90,False,Ready,75,3323,1861
20,1.736387,1,Ready,30,90,False,Ready,75,3323,1861
21,1.820796,1,Ready,30,90,False,Ready,75,3323,1861
22,1.904462,1,Ready,30,90,False,Ready,75,3323,1861
23,1.987994,1,Ready,30,90,False,Ready,75,3323,1861
24,2.071697,2,Ready,29,90,False,Ready,75,3323,1861
25,2.155591,2,Ready,29,90,False,Ready,75,3323,1861
26,2.239534,2,Ready,29,90,False,Ready,75,3323,1861
27,2.324530,2,Ready,29,90,False,Ready,75,3323,1861
28,2.412777,2,Ready,29,90,False,Ready,75,3323,1861
29,2.496739,2,Ready,29,90,False,Ready,75,3323,1861
30,2.581379,2,Ready,29,90,False,Ready,75,3323,1861
31,2.666904,2,Ready,29,90,False,Ready,75,3323,1861
32,2.750832,2,Ready,29,90,False,Ready,75,3323,1861
33,2.834851,2,Ready,29,90,False,Ready,75,3323,1861
34,2.918305,2,Ready,29,90,False,Ready,75,3323,1861
35,3.002401,3,Ready,29,90,False,Ready,74.80659,3323,1861
36,3.086395,3,Ready,29,90,False,Ready,66.4102,3323,1861
37,3.171320,3,Ready,29,90,False,Ready,57.96152,3323,1861
38,3.256926,3,Ready,29,90,False,Ready,55,3323,1861
39,3.341916,3,Ready,29,90,False,Ready,55,3323,1861
40,3.426161,3,Ready,29,90,False,Ready,55,3323,1861
41,3.511420,3,Ready,29,90,False,Ready,55,3323,1861
42,3.595105,3,Ready,29,90,False,Ready,55,3323,1861
43,3.680364,3,Ready,29,90,False,Ready,55,3323,1861
44,3.765340,3,Ready,29,90,False,Ready,55,3323,1861
45,3.850433,3,Ready,29,90,False,Ready,55,3323,1861
46,3.934800,3,Ready,29,90,False,Ready,55,3323,1861
47,4.020300,4,Reloading,29,90,False,Ready,56.98215,3323,1861
48,4.104265,4,Reloading,29,90,False,Ready,65.4512,3323,1861
49,4.188119,4,Reloading,29,90,False,Ready,73.83905,3323,1861
50,4.271697,4,Reloading,29,90,False,Ready,75,3323,1861
51,4.356316,4,Reloading,29,90,False,Ready,75,3323,1861
52,4.440542,4,Reloading,29,90,False,Ready,75,3323,1861
53,4.523906,4,Reloading,29,90,False,Ready,75,3323,1861
54,4.609160,4,Reloading,29,90,False,Ready,75,3323,1861
55,4.692906,4,Reloading,29,90,False,Ready,75,3323,1861
56,4.778159,4,Reloading,29,90,False,Ready,75,3323,1861
57,4.861870,4,Reloading,29,90,False,Ready,75,3323,1861
58,4.945427,4,Reloading,29,90,False,Ready,75,3323,1861
59,5.028792,4,Reloading,29,90,False,Ready,75,3323,1861
60,5.113239,4,Reloading,29,90,False,Ready,75,3323,1861
61,5.197924,4,Reloading,29,90,False,Ready,75,3323,1861
62,5.282250,4,Reloading,29,90,False,Ready,75,3323,1861
63,5.365605,4,Reloading,29,90,False,Ready,75,3323,1861
64,5.450120,4,Reloading,29,90,False,Ready,75,3323,1861
65,5.534944,4,Reloading,29,90,False,Ready,75,3323,1861
66,5.618944,4,Reloading,29,90,False,Ready,75,3323,1861
67,5.703115,4,Reloading,30,89,True,Ready,75,3323,1861
68,5.786518,4,Reloading,30,89,True,Ready,75,3323,1861
69,5.871164,4,Reloading,30,89,True,Ready,75,3323,1861
70,5.956420,4,Reloading,30,89,True,Ready,75,3323,1861
71,6.040305,4,Reloading,30,89,True,Ready,75,3323,1861
72,6.123829,4,Reloading,30,89,True,Ready,75,3323,1861
73,6.207722,4,Reloading,30,89,True,Ready,75,3323,1861
74,6.292830,4,Reloading,30,89,True,Ready,75,3323,1861
75,6.376404,4,Reloading,30,89,True,Ready,75,3323,1861
76,6.461497,4,Reloading,30,89,True,Ready,75,3323,1861
77,6.545556,4,Ready,30,89,True,Ready,75,3323,1861
78,6.629835,4,Ready,30,89,True,Ready,75,3323,1861
79,6.715142,4,Ready,30,89,True,Ready,75,3323,1861
80,6.799627,4,Ready,30,89,True,Ready,75,3323,1861
81,6.884237,4,Ready,30,89,True,Ready,75,3323,1861
82,6.967926,4,Ready,30,89,True,Ready,75,3323,1861
83,7.053260,4,Ready,30,89,True,Ready,75,3323,1861
84,7.137856,4,Ready,30,89,True,Ready,75,3323,1861
85,7.222920,4,Ready,30,89,True,Ready,75,3323,1861
86,7.307683,4,Ready,30,89,True,Ready,75,3323,1861
87,7.391199,4,Ready,30,89,True,Ready,75,3323,1861
88,7.475294,4,Ready,30,89,True,Ready,75,3323,1861
89,7.558725,4,Ready,30,89,True,Ready,75,3323,1861
90,7.643289,4,Ready,30,89,True,Ready,75,3323,1861
91,7.726816,4,Ready,30,89,True,Ready,75,3323,1861
92,7.810289,4,Ready,30,89,True,Ready,75,3323,1861
93,7.895554,4,Ready,30,89,True,Ready,75,3323,1861
94,7.980214,4,Ready,30,89,True,Ready,75,3323,1861
95,8.064377,5,Holstered,30,89,True,Ready,75,3323,1861
96,8.149189,5,Holstered,30,89,True,Ready,75,3323,1861
97,8.234627,5,Holstered,30,89,True,Ready,75,3323,1861
98,8.319307,5,Holstered,30,89,True,Ready,75,3323,1861
99,8.404791,5,Holstered,30,89,True,Ready,75,3323,1861
100,8.489702,5,Holstered,30,89,True,Ready,75,3323,1861
101,8.573420,5,Holstered,30,89,True,Ready,75,3323,1861
102,8.658287,5,Holstered,30,89,True,Ready,75,3323,1861
103,8.743018,5,Holstered,30,89,True,Ready,75,3323,1861
104,8.827223,5,Holstered,30,89,True,Ready,75,3323,1861
105,8.911375,5,Holstered,30,89,True,Ready,75,3323,1861
106,8.996393,5,Holstered,30,89,True,Ready,75,3323,1861
107,9.080110,6,Holstered,30,89,True,Windup,75,3323,1861
108,9.164307,6,Holstered,30,89,True,Windup,75,3323,1861
109,9.247821,6,Holstered,30,89,True,Active,75,3323,1861
110,9.331922,6,Holstered,30,89,True,Active,75,3323,1861
111,9.416661,6,Holstered,30,89,True,Recovery,75,3323,1861
112,9.500918,6,Holstered,30,89,True,Recovery,75,3323,1861
113,9.584396,6,Holstered,30,89,True,Recovery,75,3323,1861
114,9.668515,6,Holstered,30,89,True,Recovery,75,3323,1861
115,9.752988,6,Holstered,30,89,True,Recovery,75,3323,1861
116,9.836620,6,Holstered,30,89,True,Ready,75,3323,1861
117,9.921554,6,Holstered,30,89,True,Ready,75,3323,1861
118,10.006333,6,Holstered,30,89,True,Ready,75,3323,1861
119,10.090702,6,Holstered,30,89,True,Ready,75,3323,1861
120,10.176010,6,Holstered,30,89,True,Ready,75,3323,1861
121,10.260779,6,Holstered,30,89,True,Ready,75,3323,1861
122,10.346149,6,Holstered,30,89,True,Ready,75,3323,1861
123,10.431031,6,Holstered,30,89,True,Ready,75,3323,1861
124,10.514858,6,Holstered,30,89,True,Ready,75,3323,1861
125,10.599933,6,Holstered,30,89,True,Ready,75,3323,1861
126,10.683507,6,Holstered,30,89,True,Ready,75,3323,1861
127,10.767980,6,Holstered,30,89,True,Ready,75,3323,1861
128,10.851666,6,Holstered,30,89,True,Ready,75,3323,1861
129,10.935361,6,Holstered,30,89,True,Ready,75,3323,1861
130,11.019493,7,Holstered,30,89,True,Ready,75,3323,1861
131,11.104469,7,Holstered,30,89,True,Ready,75,3323,1861
132,11.189504,7,Holstered,30,89,True,Ready,75,3323,1861
133,11.273756,7,Holstered,30,89,True,Ready,75,3323,1861
134,11.358210,7,Holstered,30,89,True,Ready,75,3323,1861
135,11.443333,7,Holstered,30,89,True,Ready,75,3323,1861
136,11.526794,7,Holstered,30,89,True,Ready,75,3323,1861
137,11.611709,7,Holstered,30,89,True,Ready,75,3323,1861
138,11.696937,7,Holstered,30,89,True,Ready,75,3323,1861
139,11.781249,7,Holstered,30,89,True,Ready,75,3323,1861
140,11.865611,7,Holstered,30,89,True,Ready,75,3323,1861
141,11.951099,7,Holstered,30,89,True,Ready,75,3323,1861
142,12.034731,8,Equipping,30,89,True,Ready,75,3323,1861
143,12.119555,8,Equipping,30,89,True,Ready,75,3323,1861
144,12.203001,8,Equipping,30,89,True,Ready,75,3323,1861
145,12.287686,8,Equipping,30,89,True,Ready,75,3323,1861
146,12.371791,8,Equipping,30,89,True,Ready,75,3323,1861
147,12.457321,8,Ready,30,89,True,Ready,75,3323,1861
148,12.540677,8,Ready,29,89,True,Ready,75,3323,1861
149,12.624795,8,Ready,29,89,True,Ready,75,3323,1861
150,12.709071,8,Ready,28,89,True,Ready,75,3323,1861
151,12.794328,8,Ready,28,89,True,Ready,75,3323,1861
152,12.877920,8,Ready,27,89,True,Ready,75,3323,1861
153,12.961294,8,Ready,27,89,True,Ready,75,3323,1861
154,13.046314,8,Ready,26,89,True,Ready,75,3323,1861
155,13.130763,8,Ready,26,89,True,Ready,75,3323,1861
156,13.216104,8,Ready,25,89,True,Ready,75,3323,1861
157,13.299790,8,Ready,25,89,True,Ready,75,3323,1861
158,13.384185,8,Ready,24,89,True,Ready,75,3323,1861
159,13.467586,8,Ready,24,89,True,Ready,75,3323,1861
160,13.553237,8,Ready,23,89,True,Ready,75,3323,1861
161,13.637470,8,Ready,23,89,True,Ready,75,3323,1861
162,13.722254,8,Ready,22,89,True,Ready,75,3323,1861
163,13.806999,8,Ready,22,89,True,Ready,75,3323,1861
164,13.890631,8,Ready,21,89,True,Ready,75,3323,1861
165,13.976130,8,Ready,21,89,True,Ready,75,3323,1861
166,14.061299,8,Ready,20,89,True,Ready,75,3323,1861
167,14.146626,8,Ready,20,89,True,Ready,75,3323,1861
168,14.230718,8,Ready,19,89,True,Ready,75,3323,1861
169,14.315919,8,Ready,19,89,True,Ready,75,3323,1861
170,14.401099,8,Ready,18,89,True,Ready,75,3323,1861
171,14.485435,8,Ready,18,89,True,Ready,75,3323,1861
172,14.569659,8,Ready,17,89,True,Ready,75,3323,1861
173,14.655450,8,Ready,17,89,True,Ready,75,3323,1861
174,14.740079,8,Ready,16,89,True,Ready,75,3323,1861
175,14.825464,8,Ready,16,89,True,Ready,75,3323,1861
176,14.909612,8,Ready,15,89,True,Ready,75,3323,1861
177,14.994725,8,Ready,15,89,True,Ready,75,3323,1861
178,15.078404,8,Ready,14,89,True,Ready,75,3323,1861
179,15.163314,8,Ready,14,89,True,Ready,75,3323,1861
180,15.248851,8,Ready,13,89,True,Ready,75,3323,1861
181,15.334278,8,Ready,13,89,True,Ready,75,3323,1861
182,15.418596,8,Ready,12,89,True,Ready,75,3323,1861
183,15.503396,8,Ready,12,89,True,Ready,75,3323,1861
184,15.588460,8,Ready,11,89,True,Ready,75,3323,1861
185,15.673741,8,Ready,11,89,True,Ready,75,3323,1861
186,15.758784,8,Ready,10,89,True,Ready,75,3323,1861
187,15.842332,8,Ready,10,89,True,Ready,75,3323,1861
188,15.926890,8,Ready,9,89,True,Ready,75,3323,1861
189,16.010519,8,Ready,9,89,True,Ready,75,3323,1861
190,16.095210,8,Ready,8,89,True,Ready,75,3323,1861
191,16.180005,8,Ready,8,89,True,Ready,75,3323,1861
192,16.265140,8,Ready,7,89,True,Ready,75,3323,1861
193,16.348664,8,Ready,7,89,True,Ready,75,3323,1861
194,16.432346,8,Ready,6,89,True,Ready,75,3323,1861
195,16.516002,8,Ready,6,89,True,Ready,75,3323,1861
196,16.600502,8,Ready,5,89,True,Ready,75,3323,1861
197,16.684188,8,Ready,5,89,True,Ready,75,3323,1861
198,16.769016,8,Ready,4,89,True,Ready,75,3323,1861
199,16.854544,8,Ready,4,89,True,Ready,75,3323,1861
200,16.939243,8,Ready,3,89,True,Ready,75,3323,1861
201,17.023037,9,Reloading,3,89,False,Ready,75,3323,1861
202,17.106885,9,Reloading,3,89,False,Ready,75,3323,1861
203,17.190791,9,Reloading,3,89,False,Ready,75,3323,1861
204,17.275544,9,Reloading,3,89,False,Ready,75,3323,1861
205,17.360109,9,Reloading,3,89,False,Ready,75,3323,1861
206,17.443797,9,Reloading,3,89,False,Ready,75,3323,1861
207,17.528591,9,Reloading,3,89,False,Ready,75,3323,1861
208,17.614358,9,Reloading,3,89,False,Ready,75,3323,1861
209,17.698045,9,Reloading,3,89,False,Ready,75,3323,1861
210,17.782904,9,Reloading,3,89,False,Ready,75,3323,1861
211,17.866699,9,Reloading,3,89,False,Ready,75,3323,1861
212,17.951537,9,Reloading,3,89,False,Ready,75,3323,1861
213,18.035013,9,Reloading,3,89,False,Ready,75,3323,1861
214,18.119804,9,Reloading,3,89,False,Ready,75,3323,1861
215,18.203891,9,Reloading,3,89,False,Ready,75,3323,1861
216,18.288960,9,Reloading,3,89,False,Ready,75,3323,1861
217,18.373474,9,Reloading,3,89,False,Ready,75,3323,1861
218,18.458705,9,Reloading,3,89,False,Ready,75,3323,1861
219,18.543745,9,Reloading,3,89,False,Ready,75,3323,1861
220,18.628833,9,Reloading,3,89,False,Ready,75,3323,1861
221,18.713126,9,Reloading,30,62,True,Ready,75,3323,1861
222,18.796984,9,Reloading,30,62,True,Ready,75,3323,1861
223,18.881602,9,Reloading,30,62,True,Ready,75,3323,1861
224,18.965403,9,Reloading,30,62,True,Ready,75,3323,1861
225,19.050813,9,Reloading,30,62,True,Ready,75,3323,1861
226,19.135229,9,Reloading,30,62,True,Ready,75,3323,1861
227,19.219700,9,Reloading,30,62,True,Ready,75,3323,1861
228,19.303578,9,Reloading,30,62,True,Ready,75,3323,1861
229,19.387992,9,Reloading,30,62,True,Ready,75,3323,1861
230,19.472427,9,Reloading,30,62,True,Ready,75,3323,1861
231,19.558017,9,Ready,30,62,True,Ready,75,3323,1861
232,19.642146,9,Ready,30,62,True,Ready,75,3323,1861
233,19.726116,9,Ready,30,62,True,Ready,75,3323,1861
234,19.811386,9,Ready,30,62,True,Ready,75,3323,1861
235,19.894867,9,Ready,30,62,True,Ready,75,3323,1861
236,19.978790,9,Ready,30,62,True,Ready,75,3323,1861
237,20.063131,9,Ready,30,62,True,Ready,75,3323,1861
238,20.147688,9,Ready,30,62,True,Ready,75,3323,1861
239,20.234059,9,Ready,30,62,True,Ready,75,3323,1861
240,20.318446,9,Ready,30,62,True,Ready,75,3323,1861
241,20.402606,9,Ready,30,62,True,Ready,75,3323,1861
242,20.489003,9,Ready,30,62,True,Ready,75,3323,1861
243,20.575140,9,Ready,30,62,True,Ready,75,3323,1861
244,20.658486,9,Ready,30,62,True,Ready,75,3323,1861
245,20.745318,9,Ready,30,62,True,Ready,75,3323,1861
246,20.833254,9,Ready,30,62,True,Ready,75,3323,1861
247,20.919236,9,Ready,30,62,True,Ready,75,3323,1861
248,21.007681,10,Ready,29,62,True,Ready,75,3323,1861
249,21.092000,10,Ready,29,62,True,Ready,75,3323,1861
250,21.177400,10,Ready,29,62,True,Ready,75,3323,1861
251,21.261755,10,Ready,29,62,True,Ready,75,3323,1861
252,21.345285,10,Ready,29,62,True,Ready,75,3323,1861
253,21.436419,10,Ready,29,62,True,Ready,75,3323,1861
254,21.524335,10,Ready,29,62,True,Ready,75,3323,1861
255,21.612296,10,Ready,29,62,True,Ready,75,3323,1861
256,21.696985,10,Ready,29,62,True,Ready,75,3323,1861
257,21.780920,10,Ready,29,62,True,Ready,75,3323,1861
258,21.868445,10,Ready,29,62,True,Ready,75,3323,1861
259,21.955459,10,Ready,29,62,True,Ready,75,3323,1861
260,22.039491,11,Reloading,29,62,False,Ready,75,3323,1861
261,22.128683,11,Reloading,29,62,False,Ready,75,3323,1861
262,22.215002,11,Reloading,29,62,False,Ready,75,3323,1861
263,22.304440,11,Reloading,29,62,False,Ready,75,3323,1861
264,22.389166,11,Reloading,29,62,False,Ready,75,3323,1861
265,22.479035,11,Reloading,29,62,False,Ready,75,3323,1861
266,22.564163,11,Reloading,29,62,False,Ready,75,3323,1861
267,22.654159,11,Reloading,29,62,False,Ready,75,3323,1861
268,22.739723,11,Reloading,29,62,False,Ready,75,3323,1861
269,22.823188,11,Reloading,29,62,False,Ready,75,3323,1861
270,22.912289,11,Reloading,29,62,False,Ready,75,3323,1861
271,22.997925,11,Reloading,29,62,False,Ready,75,3323,1861
272,23.098785,12,Reloading,29,62,False,Ready,75,3323,1861
273,23.182375,12,Reloading,29,62,False,Ready,75,3323,1861
274,23.271113,12,Reloading,29,62,False,Ready,75,3323,1861
275,23.358557,12,Reloading,29,62,False,Ready,75,3323,1861
276,23.444333,12,Reloading,29,62,False,Ready,75,3323,1861
277,23.530812,12,Reloading,29,62,False,Ready,75,3323,1861
278,23.620084,12,Reloading,29,62,False,Ready,75,3323,1861
279,23.707751,12,Reloading,29,62,False,Ready,75,3323,1861
280,23.794560,12,Reloading,29,62,False,Ready,75,3323,1861
281,23.879255,12,Reloading,29,62,False,Ready,75,3323,1861
282,23.969405,12,Reloading,29,62,False,Ready,75,3323,1861
283,24.054394,13,Reloading,29,62,False,Ready,75,3323,1861
284,24.139444,13,Reloading,29,62,False,Ready,75,3323,1861
285,24.223334,13,Reloading,29,62,False,Ready,75,3323,1861
286,24.309996,13,Reloading,29,62,False,Ready,75,3323,1861
287,24.397909,13,Reloading,29,62,False,Ready,75,3323,1861
288,24.484555,13,Reloading,29,62,False,Ready,75,3323,1861
289,24.573738,13,Reloading,29,62,False,Ready,75,3323,1861
290,24.661680,13,Reloading,30,61,True,Ready,75,3323,1861
291,24.746178,13,Reloading,30,61,True,Ready,75,3323,1861
292,24.833507,13,Reloading,30,61,True,Ready,75,3323,1861
293,24.920693,13,Reloading,30,61,True,Ready,75,3323,1861
294,25.008668,13,Reloading,30,61,True,Ready,75,3323,1861
295,25.097085,13,Reloading,30,61,True,Ready,75,3323,1861
296,25.221159,13,Reloading,30,61,True,Ready,75,3323,1861
297,25.308557,13,Reloading,30,61,True,Ready,75,3323,1861
298,25.397869,13,Reloading,30,61,True,Ready,75,3323,1861
299,25.482293,13,Ready,30,61,True,Ready,75,3323,1861
300,25.571986,13,Ready,30,61,True,Ready,75,3323,1861
301,25.657485,13,Ready,30,61,True,Ready,75,3323,1861
302,25.747744,13,Ready,30,61,True,Ready,75,3323,1861
303,25.832457,13,Ready,30,61,True,Ready,75,3323,1861
304,25.916251,13,Ready,30,61,True,Ready,75,3323,1861
305,26.005224,14,Ready,30,61,True,Ready,75,3323,1861
306,26.096248,14,Ready,30,61,True,Ready,60,3323,1861
307,26.186828,14,Ready,30,61,True,Ready,60,3323,1861
308,26.272424,14,Ready,30,61,True,Ready,60,3323,1861
309,26.361548,14,Ready,30,61,True,Ready,60,3323,1861
310,26.452751,14,Ready,30,61,True,Ready,60,3323,1861
311,26.538551,14,Ready,30,61,True,Ready,60,3323,1861
312,26.629197,14,Ready,30,61,True,Ready,60,3323,1861
313,26.713750,14,Ready,30,61,True,Ready,60,3323,1861
314,26.798800,14,Ready,30,61,True,Ready,60,3323,1861
315,26.884568,14,Ready,30,61,True,Ready,60,3323,1861
316,26.968536,14,Ready,30,61,True,Ready,60,3323,1861
317,27.053801,14,Ready,30,61,True,Ready,60,3323,1861
318,27.137887,14,Ready,30,61,True,Ready,60,3323,1861
319,27.228262,14,Ready,30,61,True,Ready,60,3323,1861
320,27.312357,14,Ready,30,61,True,Ready,60,3323,1861
321,27.396600,14,Ready,30,61,True,Ready,60,3323,1861
322,27.484860,14,Ready,30,61,True,Ready,60,3323,1861
323,27.569794,14,Ready,30,61,True,Ready,60,3323,1861
324,27.654054,14,Ready,30,61,True,Ready,60,3323,1861
325,27.743992,14,Ready,30,61,True,Ready,60,3323,1861
326,27.831558,14,Ready,30,61,True,Ready,60,3323,1861
327,27.919420,14,Ready,30,61,True,Ready,60,3323,1861
328,28.007253,15,Ready,30,61,True,Ready,60,3323,1861
329,28.098397,15,Ready,30,61,True,Ready,100,3323,1861
330,28.183176,15,Ready,30,61,True,Ready,100,3323,1861
331,28.267032,15,Ready,30,61,True,Ready,100,3323,1861
332,28.356201,15,Ready,30,61,True,Ready,100,3323,1861
333,28.440131,15,Ready,30,61,True,Ready,100,3323,1861
334,28.525329,15,Ready,30,61,True,Ready,100,3323,1861
335,28.614408,15,Ready,30,61,True,Ready,100,3323,1861
336,28.701031,15,Ready,30,61,True,Ready,100,3323,1861
337,28.792184,15,Ready,30,61,True,Ready,100,3323,1861
338,28.876879,15,Ready,30,61,True,Ready,100,3323,1861
339,28.960404,15,Ready,30,61,True,Ready,100,3323,1861
340,29.044127,15,Ready,30,61,True,Ready,100,3323,1861
341,29.130189,15,Ready,30,61,True,Ready,100,3323,1861
342,29.214493,15,Ready,30,61,True,Ready,100,3323,1861
343,29.303268,15,Ready,30,61,True,Ready,100,3323,1861
344,29.386921,15,Ready,30,61,True,Ready,100,3323,1861
345,29.475437,15,Ready,30,61,True,Ready,100,3323,1861
346,29.566414,15,Ready,30,61,True,Ready,100,3323,1861
347,29.657319,15,Ready,30,61,True,Ready,100,3323,1861
348,29.741867,15,Ready,30,61,True,Ready,100,3323,1861
349,29.826499,15,Ready,30,61,True,Ready,100,3323,1861
350,29.911308,15,Ready,30,61,True,Ready,100,3323,1861
351,29.995936,15,Ready,30,61,True,Ready,100,3323,1861
352,30.082941,16,Ready,30,61,True,Ready,75,3323,1861
353,30.169077,16,Ready,30,61,True,Ready,75,3323,1861
354,30.253759,16,Ready,30,61,True,Ready,75,3323,1861
355,30.345242,16,Ready,30,61,True,Ready,75,3323,1861
356,30.436184,16,Ready,30,61,True,Ready,75,3323,1861
357,30.522364,16,Ready,30,61,True,Ready,75,3323,1861
358,30.611611,16,Ready,30,61,True,Ready,75,3323,1861
359,30.700747,16,Ready,30,61,True,Ready,75,3323,1861
360,30.786158,16,Ready,30,61,True,Ready,75,3323,1861
361,30.872549,16,Ready,30,61,True,Ready,75,3323,1861
362,30.958118,16,Ready,30,61,True,Ready,75,3323,1861
363,31.043683,16,Ready,30,61,True,Ready,75,3323,1861
364,31.129649,16,Ready,30,61,True,Ready,75,3323,1861
365,31.214093,16,Ready,30,61,True,Ready,75,3323,1861
366,31.302556,16,Ready,30,61,True,Ready,75,3323,1861
367,31.387109,16,Ready,30,61,True,Ready,75,3323,1861
368,31.472427,16,Ready,30,61,True,Ready,75,3323,1861
369,31.555794,16,Ready,30,61,True,Ready,75,3323,1861
370,31.641127,16,Ready,30,61,True,Ready,75,3323,1861
371,31.726098,16,Ready,30,61,True,Ready,75,3323,1861
372,31.812891,16,Ready,30,61,True,Ready,75,3323,1861
373,31.898860,16,Ready,30,61,True,Ready,75,3323,1861
374,31.983942,16,Ready,30,61,True,Ready,75,3323,1861
375,32.069622,17,Ready,30,61,True,Ready,75,3323,1861
376,32.155177,17,Ready,30,61,True,Ready,75,3323,1861
377,32.239509,17,Ready,30,61,True,Ready,75,3323,1861
378,32.323034,17,Ready,30,61,True,Ready,75,3323,1861
379,32.411532,17,Ready,30,61,True,Ready,75,3323,1861
380,32.497490,17,Ready,30,61,True,Ready,75,3323,1861
381,32.580834,17,Ready,30,61,True,Ready,75,3323,1861
382,32.665924,17,Ready,30,61,True,Ready,75,3323,1861
383,32.750634,17,Ready,30,61,True,Ready,75,3323,1861
384,32.837149,17,Ready,30,61,True,Ready,75,3323,1861
385,32.923153,17,Ready,30,61,True,Ready,75,3323,1861
386,33.007372,17,Ready,30,61,True,Ready,75,3323,1861
387,33.092859,17,Ready,30,61,True,Ready,75,3323,1861
388,33.178546,17,Ready,30,61,True,Ready,75,3323,1861
389,33.266890,17,Ready,30,61,True,Ready,75,3323,1861
390,33.354081,17,Ready,30,61,True,Ready,75,3323,1861
391,33.438376,17,Ready,30,61,True,Ready,75,3323,1861
392,33.522779,17,Ready,30,61,True,Ready,75,3323,1861
393,33.606253,17,Ready,30,61,True,Ready,75,3323,1861
394,33.695460,17,Ready,30,61,True,Ready,75,3323,1861
395,33.779840,17,Ready,30,61,True,Ready,75,3323,1861
396,33.863955,17,Ready,30,61,True,Ready,75,3323,1861
397,33.947386,17,Ready,30,61,True,Ready,75,3323,1861
398,34.031417,18,Ready,30,61,True,Ready,75,3323,1861
399,34.115090,18,Ready,30,61,True,Ready,75,3323,1861
400,34.203962,18,Ready,30,61,True,Ready,75,3323,1861
401,34.288509,18,Ready,30,61,True,Ready,75,3323,1861
402,34.372815,18,Ready,30,61,True,Ready,75,3323,1861
403,34.461508,18,Ready,30,61,True,Ready,75,3323,1861
404,34.546750,18,Ready,30,61,True,Ready,75,3323,1861
405,34.636134,18,Ready,30,61,True,Ready,75,3323,1861
406,34.719515,18,Ready,30,61,True,Ready,75,3323,1861
407,34.805680,18,Ready,30,61,True,Ready,75,3323,1861
408,34.890478,18,Ready,30,61,True,Ready,75,3323,1861
409,34.975722,18,Ready,30,61,True,Ready,75,3323,1861
410,35.062643,18,Ready,30,61,True,Ready,75,3323,1861
411,35.146265,18,Ready,30,61,True,Ready,75,3323,1861
412,35.236506,18,Ready,30,61,True,Ready,75,3323,1861
413,35.323244,18,Ready,30,61,True,Ready,75,3323,1861
414,35.406686,18,Ready,30,61,True,Ready,75,3323,1861
415,35.490310,18,Ready,30,61,True,Ready,75,3323,1861
416,35.575843,18,Ready,30,61,True,Ready,75,3323,1861
417,35.662212,18,Ready,30,61,True,Ready,75,3323,1861
418,35.748062,18,Ready,30,61,True,Ready,75,3323,1861
419,35.836326,18,Ready,30,61,True,Ready,75,3323,1861
420,35.922168,18,Ready,30,61,True,Ready,75,3323,1861
421,36.007135,19,Ready,30,61,True,Ready,75,3323,1861
422,36.092150,19,Ready,30,61,True,Ready,75,3323,1861
423,36.178687,19,Ready,30,61,True,Ready,75,3323,1861
424,36.263923,19,Ready,30,61,True,Ready,75,3323,1861
425,36.353604,19,Ready,30,61,True,Ready,75,3323,1861
426,36.438323,19,Ready,30,61,True,Ready,75,3323,1861
427,36.521950,19,Ready,30,61,True,Ready,75,3323,1861
428,36.617063,19,Ready,30,61,True,Ready,75,3323,1861
429,36.703411,19,Ready,30,61,True,Ready,75,3323,1861
430,36.788664,19,Ready,30,61,True,Ready,75,3323,1861
431,36.872594,19,Ready,30,61,True,Ready,75,3323,1861
432,36.956188,19,Ready,30,61,True,Ready,75,3323,1861
433,37.041206,19,Ready,30,61,True,Ready,75,3323,1861
434,37.125284,19,Ready,30,61,True,Ready,75,3323,1861
435,37.211125,19,Ready,30,61,True,Ready,75,3323,1861
436,37.302693,19,Ready,30,61,True,Ready,75,3323,1861
437,37.386528,19,Ready,30,61,True,Ready,75,3323,1861
438,37.478296,19,Ready,30,61,True,Ready,75,3323,1861
439,37.564001,19,Ready,30,61,True,Ready,75,3323,1861
440,37.647736,19,Ready,30,61,True,Ready,75,3323,1861
441,37.733115,19,Ready,30,61,True,Ready,75,3323,1861
442,37.817403,19,Ready,30,61,True,Ready,75,3323,1861
443,37.909040,19,Ready,30,61,True,Ready,75,3323,1861
444,37.995627,19,Ready,30,61,True,Ready,75,3323,1861
445,38.080342,20,Ready,30,61,True,Ready,75,3323,1861
446,38.169697,20,Ready,30,61,True,Ready,75,3323,1861
447,38.259574,20,Ready,30,61,True,Ready,75,3323,1861
448,38.343271,20,Ready,30,61,True,Ready,75,3323,1861
449,38.430295,20,Ready,30,61,True,Ready,75,3323,1861
450,38.518815,20,Ready,30,61,True,Ready,75,3323,1861
451,38.604631,20,Ready,30,61,True,Ready,75,3323,1861
452,38.690334,20,Ready,30,61,True,Ready,75,3323,1861
453,38.781553,20,Ready,30,61,True,Ready,75,3323,1861
454,38.866340,20,Ready,30,61,True,Ready,75,3323,1861
455,38.956513,20,Ready,30,61,True,Ready,75,3323,1861
456,39.043157,20,Ready,30,61,True,Ready,75,3323,1861
457,39.133362,20,Ready,30,61,True,Ready,75,3323,1861
458,39.221251,20,Ready,30,61,True,Ready,75,3323,1861
459,39.304909,20,Ready,30,61,True,Ready,75,3323,1861
460,39.391133,20,Ready,30,61,True,Ready,75,3323,1861
461,39.482600,20,Ready,30,61,True,Ready,75,3323,1861
462,39.573952,20,Ready,30,61,True,Ready,75,3323,1861
463,39.658364,20,Ready,30,61,True,Ready,75,3323,1861
464,39.743175,20,Ready,30,61,True,Ready,75,3323,1861
465,39.828074,20,Ready,30,61,True,Ready,75,3323,1861
466,39.913369,20,Ready,30,61,True,Ready,75,3323,1861
467,39.999063,20,Ready,30,61,True,Ready,75,3323,1861
468,40.084574,21,Holstered,30,61,True,Ready,75,3323,1861
469,40.169795,21,Holstered,30,61,True,Ready,75,3323,1861
470,40.255809,21,Holstered,30,61,True,Ready,75,3323,1861
471,40.340314,21,Holstered,30,61,True,Ready,75,3323,1861
472,40.424034,21,Holstered,30,61,True,Ready,75,3323,1861
473,40.511535,21,Holstered,30,61,True,Ready,75,3323,1861
474,40.597957,21,Holstered,30,61,True,Ready,75,3323,1861
475,40.681844,21,Holstered,30,61,True,Ready,75,3323,1861
476,40.767758,21,Holstered,30,61,True,Ready,75,3323,1861
477,40.854463,21,Holstered,30,61,True,Ready,75,3323,1861
478,40.940125,21,Holstered,30,61,True,Ready,75,3323,1861
479,41.024845,21,Holstered,30,61,True,Ready,75,3323,1861
480,41.109952,21,Holstered,30,61,True,Ready,75,3323,1861
481,41.202011,21,Holstered,30,61,True,Ready,75,3323,1861
482,41.285375,21,Holstered,30,61,True,Ready,75,3323,1861
483,41.369128,21,Holstered,30,61,True,Ready,75,3323,1861
484,41.453174,21,Holstered,30,61,True,Ready,75,3323,1861
485,41.536881,21,Holstered,30,61,True,Ready,75,3323,1861
486,41.620435,21,Holstered,30,61,True,Ready,75,3323,1861
487,41.706353,21,Holstered,30,61,True,Ready,75,3323,1861
488,41.790131,21,Holstered,30,61,True,Ready,75,3323,1861
489,41.876396,21,Holstered,30,61,True,Ready,75,3323,1861
490,41.961718,21,Holstered,30,61,True,Ready,75,3323,1861
491,42.047083,22,Holstered,30,61,True,Windup,100,3323,1861
492,42.135220,22,Holstered,30,61,True,Windup,100,3323,1861
493,42.218749,22,Holstered,30,61,True,Active,100,3323,1861
494,42.303788,22,Holstered,30,61,True,Active,100,3323,1861
495,42.390840,22,Holstered,30,61,True,Recovery,100,3323,1861
496,42.477220,22,Holstered,30,61,True,Recovery,100,3323,1861
497,42.565966,22,Holstered,30,61,True,Recovery,100,3323,1861
498,42.653632,22,Holstered,30,61,True,Recovery,100,3323,1861
499,42.738413,22,Holstered,30,61,True,Recovery,100,3323,1861
500,42.823304,22,Holstered,30,61,True,Ready,100,3323,1861
501,42.907575,22,Holstered,30,61,True,Ready,100,3323,1861
502,42.990913,22,Holstered,30,61,True,Ready,100,3323,1861
503,43.075401,22,Holstered,30,61,True,Ready,100,3323,1861
504,43.160789,22,Holstered,30,61,True,Ready,100,3323,1861
505,43.246183,22,Holstered,30,61,True,Ready,100,3323,1861
506,43.336522,22,Holstered,30,61,True,Ready,100,3323,1861
507,43.422071,22,Holstered,30,61,True,Ready,100,3323,1861
508,43.506974,22,Holstered,30,61,True,Ready,100,3323,1861
509,43.592419,22,Holstered,30,61,True,Ready,100,3323,1861
510,43.679801,22,Holstered,30,61,True,Ready,100,3323,1861
511,43.765405,22,Holstered,30,61,True,Ready,100,3323,1861
512,43.849573,22,Holstered,30,61,True,Ready,100,3323,1861
513,43.933306,22,Holstered,30,61,True,Ready,100,3323,1861
514,44.022224,23,Holstered,30,61,True,Ready,75,3323,1861
515,44.109101,23,Holstered,30,61,True,Ready,75,3323,1861
516,44.193218,23,Holstered,30,61,True,Ready,75,3323,1861
517,44.278308,23,Holstered,30,61,True,Ready,75,3323,1861
518,44.362816,23,Holstered,30,61,True,Ready,75,3323,1861
519,44.446667,23,Holstered,30,61,True,Ready,75,3323,1861
520,44.532205,23,Holstered,30,61,True,Ready,75,3323,1861
521,44.616727,23,Holstered,30,61,True,Ready,75,3323,1861
522,44.700616,23,Holstered,30,61,True,Ready,75,3323,1861
523,44.785879,23,Holstered,30,61,True,Ready,75,3323,1861
524,44.870057,23,Holstered,30,61,True,Ready,75,3323,1861
525,44.961509,23,Holstered,30,61,True,Ready,75,3323,1861
526,45.048719,23,Holstered,30,61,True,Ready,75,3323,1861
527,45.136080,23,Holstered,30,61,True,Ready,75,3323,1861
528,45.220990,23,Holstered,30,61,True,Ready,75,3323,1861
529,45.306366,23,Holstered,30,61,True,Ready,75,3323,1861
530,45.391448,23,Holstered,30,61,True,Ready,75,3323,1861
531,45.475385,23,Holstered,30,61,True,Ready,75,3323,1861
532,45.562282,23,Holstered,30,61,True,Ready,75,3323,1861
533,45.646535,23,Holstered,30,61,True,Ready,75,3323,1861
534,45.737275,23,Holstered,30,61,True,Ready,75,3323,1861
535,45.824069,23,Holstered,30,61,True,Ready,75,3323,1861
536,45.911518,23,Holstered,30,61,True,Ready,75,3323,1861
537,45.995461,23,Holstered,30,61,True,Ready,75,3323,1861
