count,repeat,active_count,frames,mean_ms,median_ms,p95_ms,p99_ms,over50ms,gc0,gc1,gc2,unity_start_bytes,unity_end_bytes,managed_start_bytes,managed_end_bytes,path_requests,contact_attempts
1,0,1,14129,1.4156,1.4105,1.8980,2.1391,0,45,45,45,191339465,191356801,5320704,5021696,1,10
1,1,1,14103,1.4182,1.4105,1.8841,2.1398,0,45,45,45,191766198,191644666,5320704,4820992,1,10
1,2,1,14015,1.4271,1.4070,1.9330,2.2372,0,44,44,44,191715910,191719690,4866048,4878336,1,10
1,3,1,14082,1.4203,1.4154,1.8960,2.1334,0,44,44,44,191690270,191624638,4870144,4976640,1,10
1,4,1,14096,1.4189,1.4035,1.8805,2.1509,0,44,44,44,191587288,191589792,4886528,4988928,1,10
10,0,10,10807,1.8507,1.8118,2.3170,2.7355,0,34,34,34,195832949,195883205,5644288,5025792,29,94
10,1,10,11211,1.7840,1.7802,2.1645,2.3635,0,35,35,35,195884701,195902605,5533696,5214208,37,80
10,2,10,11007,1.8171,1.8265,2.2505,2.4329,0,34,34,34,195869645,195908429,5128192,5087232,28,91
10,3,10,11254,1.7772,1.7687,2.1905,2.3950,0,35,35,35,195991580,196023693,5222400,5169152,31,93
10,4,10,11349,1.7624,1.7520,2.1818,2.3837,0,35,35,35,195959165,195989165,5181440,5214208,15,94
20,0,20,10868,1.8403,1.8192,2.1040,2.3169,0,33,33,33,200235853,200287369,5664768,5402624,80,154
20,1,20,10998,1.8186,1.7997,2.0963,2.2852,0,33,33,33,200315301,200359781,5369856,5394432,84,146
20,2,20,10983,1.8210,1.8056,2.0915,2.2766,0,33,33,33,200328957,200354013,5947392,5816320,84,149
20,3,20,10960,1.8249,1.8070,2.0798,2.2455,0,33,33,33,200291353,200347497,5668864,5513216,85,155
20,4,20,11228,1.7813,1.7646,2.0256,2.1915,0,34,34,34,200292121,200347889,5492736,5398528,81,153
