frame,realtime,phase,zombie_state,attack_sequence,attack_time,contacts,melee_result,zombie_health,melee_weapon_result
0,0.027866,1,Idle,0,0,0,None,100,Miss
1,0.096079,1,Idle,0,0,0,None,100,Miss
2,0.162926,1,Idle,0,0,0,None,100,Miss
3,0.229831,1,Idle,0,0,0,None,100,Miss
4,0.296802,1,Idle,0,0,0,None,100,Miss
5,0.364748,1,Idle,0,0,0,None,100,Miss
6,0.433274,1,Chasing,0,0,0,None,100,Miss
7,0.501836,1,Chasing,0,0,0,None,100,Miss
8,0.569477,1,Chasing,0,0,0,None,100,Miss
9,0.637712,1,Chasing,0,0,0,None,100,Miss
10,0.705309,1,Chasing,0,0,0,None,100,Miss
11,0.772191,1,Chasing,0,0,0,None,100,Miss
12,0.839301,1,Chasing,0,0,0,None,100,Miss
13,0.906770,1,Chasing,0,0,0,None,100,Miss
14,0.975240,1,Chasing,0,0,0,None,100,Miss
15,1.043404,1,Chasing,0,0,0,None,100,Miss
16,1.111206,1,Chasing,0,0,0,None,100,Miss
17,1.180293,1,Chasing,0,0,0,None,100,Miss
18,1.247193,1,Chasing,0,0,0,None,100,Miss
19,1.315706,1,Chasing,0,0,0,None,100,Miss
20,1.382500,1,Chasing,0,0,0,None,100,Miss
21,1.451220,1,Chasing,0,0,0,None,100,Miss
22,1.518761,1,Chasing,0,0,0,None,100,Miss
23,1.586105,1,Chasing,0,0,0,None,100,Miss
24,1.654691,1,Chasing,0,0,0,None,100,Miss
25,1.721560,1,Chasing,0,0,0,None,100,Miss
26,1.789172,1,Chasing,0,0,0,None,100,Miss
27,1.857828,1,Chasing,0,0,0,None,100,Miss
28,1.926484,1,Chasing,0,0,0,None,100,Miss
29,1.994429,1,Chasing,0,0,0,None,100,Miss
30,2.063017,1,Chasing,0,0,0,None,100,Miss
31,2.131384,1,Chasing,0,0,0,None,100,Miss
32,2.200224,1,Chasing,0,0,0,None,100,Miss
33,2.267840,1,Chasing,0,0,0,None,100,Miss
34,2.335129,1,Chasing,0,0,0,None,100,Miss
35,2.402061,1,Chasing,0,0,0,None,100,Miss
36,2.468769,1,Chasing,0,0,0,None,100,Miss
37,2.537588,1,Chasing,0,0,0,None,100,Miss
38,2.605185,1,Chasing,0,0,0,None,100,Miss
39,2.672977,1,Chasing,0,0,0,None,100,Miss
40,2.739952,1,Chasing,0,0,0,None,100,Miss
41,2.808134,1,Chasing,0,0,0,None,100,Miss
42,2.874888,1,Chasing,0,0,0,None,100,Miss
43,2.942929,1,Chasing,0,0,0,None,100,Miss
44,3.009952,1,Chasing,0,0,0,None,100,Miss
45,3.077767,1,Chasing,0,0,0,None,100,Miss
46,3.145055,1,Chasing,0,0,0,None,100,Miss
47,3.212765,1,Chasing,0,0,0,None,100,Miss
48,3.280201,1,Chasing,0,0,0,None,100,Miss
49,3.347956,1,Chasing,0,0,0,None,100,Miss
50,3.415998,1,Chasing,0,0,0,None,100,Miss
51,3.483143,1,Chasing,0,0,0,None,100,Miss
52,3.551666,1,AttackWindup,1,0.02306808,0,None,100,Miss
53,3.619149,1,AttackWindup,1,0.02522237,0,None,100,Miss
54,3.686202,1,AttackWindup,1,0.1549411,0,None,100,Miss
55,3.755220,1,AttackWindup,1,0.2263807,0,None,100,Miss
56,3.822421,1,AttackWindup,1,0.2932082,0,None,100,Miss
57,3.890615,1,AttackWindup,1,0.3619383,0,None,100,Miss
58,3.958821,1,AttackWindup,1,0.4297,0,None,100,Miss
59,4.027826,1,AttackWindup,1,0.4989562,0,None,100,Miss
60,4.095652,1,AttackWindup,1,0.5665472,0,None,100,Miss
61,4.163488,1,AttackWindup,1,0.6346891,0,None,100,Miss
62,4.232131,1,AttackWindup,1,0.7031984,0,None,100,Miss
63,4.301216,1,AttackCommit,1,0.7721125,0,None,100,Miss
64,4.368622,1,AttackCommit,1,0.8399593,0,None,100,Miss
65,4.436132,1,AttackCommit,1,0.9075368,0,None,100,Miss
66,4.504392,1,AttackCommit,1,0.9755899,1,Hit,100,Miss
67,4.571779,1,AttackCommit,1,1.043098,1,Hit,100,Miss
68,4.640000,1,AttackCommit,1,1.111206,1,Hit,100,Miss
69,4.709052,1,AttackCommit,1,1.179595,1,Hit,100,Miss
70,4.776172,1,Recovering,1,1.246966,1,Hit,100,Miss
71,4.843905,1,Recovering,1,1.315324,1,Hit,100,Miss
72,4.912877,1,Recovering,1,1.383752,1,Hit,100,Miss
73,4.981310,1,Recovering,1,1.452574,1,Hit,100,Miss
74,5.049089,1,Recovering,1,1.520432,1,Hit,100,Miss
75,5.116989,1,Recovering,1,1.588071,1,Hit,100,Miss
76,5.183929,1,Recovering,1,1.655001,1,Hit,100,Miss
77,5.251438,1,Recovering,1,1.722519,1,Hit,100,Miss
78,5.319525,1,Recovering,1,1.79072,1,Hit,100,Miss
79,5.386230,1,Recovering,1,1.857454,1,Hit,100,Miss
80,5.453594,1,Recovering,1,1.925141,1,Hit,100,Miss
81,5.521424,1,Recovering,1,1.992608,1,Hit,100,Miss
82,5.588396,1,Recovering,1,2.059731,1,Hit,100,Miss
83,5.656809,1,Recovering,1,2.128405,1,Hit,100,Miss
84,5.724208,1,Chasing,1,0,1,Hit,100,Miss
85,5.794166,1,AttackWindup,2,0.06638517,1,None,100,Miss
86,5.862818,1,AttackWindup,2,0.1360432,1,None,100,Miss
87,5.931193,1,AttackWindup,2,0.2046936,1,None,100,Miss
88,6.000227,1,AttackWindup,2,0.2734103,1,None,100,Miss
89,6.068604,1,AttackWindup,2,0.3420928,1,None,100,Miss
90,6.136860,1,AttackWindup,2,0.4105948,1,None,100,Miss
91,6.203607,1,AttackWindup,2,0.4770816,1,None,100,Miss
92,6.272090,1,AttackWindup,2,0.5453745,1,None,100,Miss
93,6.340435,1,AttackWindup,2,0.6134498,1,None,100,Miss
94,6.408714,1,AttackWindup,2,0.6820298,1,None,100,Miss
95,6.475579,1,AttackWindup,2,0.7491165,1,None,100,Miss
96,6.543914,1,AttackWindup,2,0.8173926,1,None,100,Miss
97,6.612823,1,AttackWindup,2,0.8860795,1,None,100,Miss
98,6.681000,1,AttackWindup,2,0.9548978,1,None,100,Miss
99,6.749421,1,AttackCommit,2,1.023362,1,None,100,Miss
100,6.816764,1,AttackCommit,2,1.090954,1,None,100,Miss
101,6.883557,1,AttackCommit,2,1.157747,1,None,100,Miss
102,6.950797,1,AttackCommit,2,1.224869,1,None,100,Miss
103,7.018552,1,AttackCommit,2,1.292369,2,Hit,100,Miss
104,7.086183,1,AttackCommit,2,1.360143,2,Hit,100,Miss
105,7.154513,1,AttackCommit,2,1.428403,2,Hit,100,Miss
106,7.223180,1,AttackCommit,2,1.49688,2,Hit,100,Miss
107,7.290981,1,AttackCommit,2,1.565145,2,Hit,100,Miss
108,7.359185,1,AttackCommit,2,1.632741,2,Hit,100,Miss
109,7.426357,1,AttackCommit,2,1.700541,2,Hit,100,Miss
110,7.493301,1,Recovering,2,1.767271,2,Hit,100,Miss
111,7.562140,1,Recovering,2,1.835596,2,Hit,100,Miss
112,7.629370,1,Recovering,2,1.902912,2,Hit,100,Miss
113,7.697633,1,Recovering,2,1.971299,2,Hit,100,Miss
114,7.765525,1,Recovering,2,2.039482,2,Hit,100,Miss
115,7.832372,1,Recovering,2,2.106542,2,Hit,100,Miss
116,7.900178,1,Recovering,2,2.174348,2,Hit,100,Miss
117,7.967887,1,Recovering,2,2.241938,2,Hit,100,Miss
118,8.035944,1,Recovering,2,2.309994,2,Hit,100,Miss
119,8.104365,1,Recovering,2,2.378259,2,Hit,100,Miss
120,8.172248,1,Recovering,2,2.446455,2,Hit,100,Miss
121,8.239910,1,Recovering,2,2.51388,2,Hit,100,Miss
122,8.307620,1,Recovering,2,2.581171,2,Hit,100,Miss
123,8.374760,1,Recovering,2,2.64896,2,Hit,100,Miss
124,8.441503,1,AttackWindup,3,0.009599667,2,None,100,Miss
125,8.508661,1,AttackWindup,3,0.07712175,2,None,100,Miss
126,8.576492,1,AttackWindup,3,0.1447988,2,None,100,Miss
127,8.644383,1,AttackWindup,3,0.2126622,2,None,100,Miss
128,8.711408,1,AttackWindup,3,0.2798653,2,None,100,Miss
129,8.779026,1,AttackWindup,3,0.3470947,2,None,100,Miss
130,8.847113,1,AttackWindup,3,0.4147448,2,None,100,Miss
131,8.915027,1,AttackWindup,3,0.4832854,2,None,100,Miss
132,8.983175,1,AttackWindup,3,0.5515658,2,None,100,Miss
133,9.050171,1,AttackWindup,3,0.6185799,2,None,100,Miss
134,9.118797,1,AttackWindup,3,0.6865858,2,None,100,Miss
135,9.186836,1,AttackWindup,3,0.7548955,2,None,100,Miss
136,9.254295,1,AttackCommit,3,0.8225993,2,None,100,Miss
137,9.321294,1,AttackCommit,3,0.8892656,2,None,100,Miss
138,9.387977,1,AttackCommit,3,0.9562858,3,Hit,100,Miss
139,9.456277,1,AttackCommit,3,1.024346,3,Hit,100,Miss
140,9.524375,1,AttackCommit,3,1.092803,3,Hit,100,Miss
141,9.591329,1,AttackCommit,3,1.159529,3,Hit,100,Miss
142,9.658679,1,Recovering,3,1.226573,3,Hit,100,Miss
143,9.725354,1,Recovering,3,1.293823,3,Hit,100,Miss
144,9.793004,1,Recovering,3,1.361296,3,Hit,100,Miss
145,9.859786,1,Recovering,3,1.427564,3,Hit,100,Miss
146,9.927263,1,Recovering,3,1.495675,3,Hit,100,Miss
147,9.994856,1,Recovering,3,1.563151,3,Hit,100,Miss
148,10.061960,1,Recovering,3,1.630092,3,Hit,100,Miss
149,10.129966,1,Recovering,3,1.697873,3,Hit,100,Miss
150,10.197796,1,Recovering,3,1.765853,3,Hit,100,Miss
151,10.265682,1,Recovering,3,1.833984,3,Hit,100,Miss
152,10.332867,1,Recovering,3,1.901266,3,Hit,100,Miss
153,10.400191,1,Recovering,3,1.967871,3,Hit,100,Miss
154,10.467849,1,Recovering,3,2.03635,3,Hit,100,Miss
155,10.536158,1,Recovering,3,2.104238,3,Hit,100,Miss
156,10.603175,1,Recovering,3,2.17151,3,Hit,100,Miss
157,10.671190,1,AttackWindup,4,0.02245113,3,None,100,Miss
158,10.739366,1,AttackWindup,4,0.09051246,3,None,100,Miss
159,10.806994,1,AttackWindup,4,0.1582075,3,None,100,Miss
160,10.875376,1,AttackWindup,4,0.2266088,3,None,100,Miss
161,10.943265,1,AttackWindup,4,0.2944085,3,None,100,Miss
162,11.011193,1,AttackWindup,4,0.3621035,3,None,100,Miss
163,11.078473,1,AttackWindup,4,0.4291043,3,None,100,Miss
164,11.145935,1,AttackWindup,4,0.4967976,3,None,100,Miss
165,11.214571,1,AttackWindup,4,0.5652772,3,None,100,Miss
166,11.281794,1,AttackWindup,4,0.6326589,3,None,100,Miss
167,11.348937,1,AttackWindup,4,0.6998934,3,None,100,Miss
168,11.416910,1,AttackWindup,4,0.7680254,3,None,100,Miss
169,11.484601,1,AttackWindup,4,0.8359345,3,None,100,Miss
170,11.551298,1,AttackWindup,4,0.9024982,3,None,100,Miss
171,11.619405,1,AttackWindup,4,0.9704885,3,None,100,Miss
172,11.687325,1,AttackCommit,4,1.038489,3,None,100,Miss
173,11.754093,1,AttackCommit,4,1.105349,3,None,100,Miss
174,11.821144,1,AttackCommit,4,1.17259,3,None,100,Miss
175,11.889298,1,AttackCommit,4,1.240611,4,Hit,100,Miss
176,11.956082,1,AttackCommit,4,1.3075,4,Hit,100,Miss
177,12.024696,2,AttackCommit,4,1.375634,4,Hit,100,Miss
178,12.092056,2,AttackCommit,4,1.44313,4,Hit,100,Miss
179,12.159392,2,AttackCommit,4,1.510011,4,Hit,100,Miss
180,12.227378,2,AttackCommit,4,1.57847,4,Hit,100,Miss
181,12.295988,2,AttackCommit,4,1.646722,4,Hit,100,Miss
182,12.364299,2,AttackCommit,4,1.715005,4,Hit,100,Miss
183,12.431699,2,Recovering,4,1.782499,4,Hit,100,Miss
184,12.498958,2,Recovering,4,1.849446,4,Hit,100,Miss
185,12.567685,2,Recovering,4,1.91861,4,Hit,100,Miss
186,12.634430,2,Recovering,4,1.985506,4,Hit,100,Miss
187,12.702774,2,Recovering,4,2.053878,4,Hit,100,Miss
188,12.770097,2,Recovering,4,2.121232,4,Hit,100,Miss
189,12.838706,2,Recovering,4,2.189246,4,Hit,100,Miss
190,12.906519,2,Recovering,4,2.257524,4,Hit,100,Miss
191,12.973921,2,Recovering,4,2.324813,4,Hit,100,Miss
192,13.041069,2,Recovering,4,2.392213,4,Hit,100,Miss
193,13.107970,2,Recovering,4,2.45902,4,Hit,100,Miss
194,13.176182,2,Recovering,4,2.526976,4,Hit,100,Miss
195,13.243710,2,Recovering,4,2.594592,4,Hit,100,Miss
196,13.310698,2,Recovering,4,2.661889,4,Hit,100,Miss
197,13.378772,2,Searching,4,0,4,Hit,100,Miss
198,13.447205,2,Searching,4,0,4,Hit,100,Miss
199,13.517656,2,Searching,4,0,4,Hit,100,Miss
200,13.585619,2,Searching,4,0,4,Hit,100,Miss
201,13.653660,2,Searching,4,0,4,Hit,100,Miss
202,13.722244,2,Searching,4,0,4,Hit,100,Miss
203,13.790362,2,Searching,4,0,4,Hit,100,Miss
204,13.859646,2,Searching,4,0,4,Hit,100,Miss
205,13.927372,2,Searching,4,0,4,Hit,100,Miss
206,13.995105,2,Searching,4,0,4,Hit,100,Miss
207,14.063136,2,Searching,4,0,4,Hit,100,Miss
208,14.131010,2,Searching,4,0,4,Hit,100,Miss
209,14.198010,2,Searching,4,0,4,Hit,100,Miss
210,14.264688,2,Searching,4,0,4,Hit,100,Miss
211,14.333043,2,Searching,4,0,4,Hit,100,Miss
212,14.401206,2,Searching,4,0,4,Hit,100,Miss
213,14.468428,2,Searching,4,0,4,Hit,100,Miss
214,14.535407,2,Searching,4,0,4,Hit,100,Miss
215,14.602152,2,Searching,4,0,4,Hit,100,Miss
216,14.670640,2,Searching,4,0,4,Hit,100,Miss
217,14.737413,2,Searching,4,0,4,Hit,100,Miss
218,14.805121,2,Searching,4,0,4,Hit,100,Miss
219,14.872558,2,Searching,4,0,4,Hit,100,Miss
220,14.940028,2,Searching,4,0,4,Hit,100,Miss
221,15.008095,3,Searching,4,0,4,Hit,100,Miss
222,15.075358,3,Searching,4,0,4,Hit,100,Miss
223,15.142694,3,Searching,4,0,4,Hit,100,Miss
224,15.210146,3,Searching,4,0,4,Hit,100,Miss
225,15.278635,3,Searching,4,0,4,Hit,100,Miss
226,15.347297,3,Searching,4,0,4,Hit,100,Miss
227,15.415385,3,Searching,4,0,4,Hit,100,Miss
228,15.483223,3,Searching,4,0,4,Hit,100,Miss
229,15.551095,3,Searching,4,0,4,Hit,100,Miss
230,15.618509,3,Searching,4,0,4,Hit,100,Miss
231,15.686591,3,Searching,4,0,4,Hit,100,Miss
232,15.754622,3,Searching,4,0,4,Hit,100,Miss
233,15.821495,3,Searching,4,0,4,Hit,100,Miss
234,15.888570,3,Searching,4,0,4,Hit,100,Miss
235,15.956493,3,Searching,4,0,4,Hit,100,Miss
236,16.024198,3,Searching,4,0,4,Hit,100,Miss
237,16.092171,3,Searching,4,0,4,Hit,100,Miss
238,16.160037,3,Searching,4,0,4,Hit,100,Miss
239,16.227861,3,Searching,4,0,4,Hit,100,Miss
240,16.295344,3,Searching,4,0,4,Hit,100,Miss
241,16.363034,3,Searching,4,0,4,Hit,100,Miss
242,16.430082,3,Searching,4,0,4,Hit,100,Miss
243,16.498292,3,Searching,4,0,4,Hit,100,Miss
244,16.565559,3,Searching,4,0,4,Hit,100,Miss
245,16.632343,3,Searching,4,0,4,Hit,100,Miss
246,16.700163,3,Searching,4,0,4,Hit,100,Miss
247,16.768005,3,Searching,4,0,4,Hit,100,Miss
248,16.835835,3,Searching,4,0,4,Hit,100,Miss
249,16.902624,3,Searching,4,0,4,Hit,100,Miss
250,16.969546,3,Searching,4,0,4,Hit,100,Miss
251,17.037412,3,Searching,4,0,4,Hit,100,Miss
252,17.104404,3,Searching,4,0,4,Hit,100,Miss
253,17.171650,3,Searching,4,0,4,Hit,100,Miss
254,17.238689,3,Searching,4,0,4,Hit,100,Miss
255,17.305663,3,Searching,4,0,4,Hit,100,Miss
256,17.373597,3,Searching,4,0,4,Hit,100,Miss
257,17.441572,3,Searching,4,0,4,Hit,100,Miss
258,17.508681,3,Searching,4,0,4,Hit,100,Miss
259,17.575593,3,Searching,4,0,4,Hit,100,Miss
260,17.643289,3,Searching,4,0,4,Hit,100,Miss
261,17.711015,3,Chasing,4,0,4,Hit,100,Miss
262,17.777849,3,Chasing,4,0,4,Hit,100,Miss
263,17.846556,3,Chasing,4,0,4,Hit,100,Miss
264,17.914549,3,Chasing,4,0,4,Hit,100,Miss
265,17.981306,3,Chasing,4,0,4,Hit,100,Miss
266,18.048742,3,Chasing,4,0,4,Hit,100,Miss
267,18.115744,3,Chasing,4,0,4,Hit,100,Miss
268,18.183603,3,Chasing,4,0,4,Hit,100,Miss
269,18.250914,3,Chasing,4,0,4,Hit,100,Miss
270,18.318476,3,Chasing,4,0,4,Hit,100,Miss
271,18.386177,3,Chasing,4,0,4,Hit,100,Miss
272,18.453548,3,Chasing,4,0,4,Hit,100,Miss
273,18.520216,3,Chasing,4,0,4,Hit,100,Miss
274,18.588484,3,Chasing,4,0,4,Hit,100,Miss
275,18.656035,3,Chasing,4,0,4,Hit,100,Miss
276,18.723430,3,Chasing,4,0,4,Hit,100,Miss
277,18.790688,3,Chasing,4,0,4,Hit,100,Miss
278,18.858251,3,Chasing,4,0,4,Hit,100,Miss
279,18.925945,3,Chasing,4,0,4,Hit,100,Miss
280,18.993498,3,Chasing,4,0,4,Hit,100,Miss
281,19.060193,4,AttackWindup,5,0.02766434,4,None,100,Miss
282,19.128533,4,AttackWindup,5,0.09616742,4,None,100,Miss
283,19.195789,4,AttackWindup,5,0.1631648,4,None,100,Miss
284,19.263081,4,HitReact,5,0,4,None,30,Hit
285,19.331412,4,HitReact,5,0,4,None,30,Hit
286,19.399592,4,HitReact,5,0,4,None,30,Hit
287,19.468340,4,HitReact,5,0,4,None,30,Hit
288,19.535474,4,HitReact,5,0,4,None,30,Hit
289,19.605362,4,HitReact,5,0,4,None,30,Hit
290,19.674776,4,HitReact,5,0,4,None,30,Hit
291,19.745431,4,AttackWindup,6,0.01003029,4,None,30,Hit
292,19.812431,4,AttackWindup,6,0.07716767,4,None,30,Hit
293,19.879477,4,AttackWindup,6,0.1444533,4,None,30,Hit
294,19.946920,4,AttackWindup,6,0.2125221,4,None,30,Hit
295,20.015003,4,AttackWindup,6,0.2806676,4,None,30,Hit
296,20.082751,4,AttackWindup,6,0.3487192,4,None,30,Hit
297,20.150966,4,AttackWindup,6,0.4166086,4,None,30,Hit
298,20.217816,4,AttackWindup,6,0.4833165,4,None,30,Hit
299,20.287798,4,AttackWindup,6,0.5523615,4,None,30,Hit
300,20.355677,4,AttackWindup,6,0.6209339,4,None,30,Hit
301,20.425169,4,AttackWindup,6,0.6912282,4,None,30,Hit
302,20.496992,4,AttackWindup,6,0.7604842,4,None,30,Hit
303,20.566829,4,AttackWindup,6,0.8310177,4,None,30,Hit
304,20.633678,4,AttackWindup,6,0.8967029,4,None,30,Hit
305,20.704465,4,AttackWindup,6,0.9674081,4,None,30,Hit
306,20.771458,4,AttackCommit,6,1.03458,4,None,30,Hit
307,20.840504,4,AttackCommit,6,1.102747,4,None,30,Hit
308,20.908032,4,AttackCommit,6,1.175376,4,None,30,Hit
309,20.977997,4,AttackCommit,6,1.240305,5,Hit,30,Hit
310,21.047796,4,AttackCommit,6,1.31203,5,Hit,30,Hit
311,21.120408,4,AttackCommit,6,1.383205,5,Hit,30,Hit
312,21.188478,4,AttackCommit,6,1.451572,5,Hit,30,Hit
313,21.256430,4,AttackCommit,6,1.523441,5,Hit,30,Hit
314,21.328559,4,AttackCommit,6,1.591249,5,Hit,30,Hit
315,21.396627,4,AttackCommit,6,1.659634,5,Hit,30,Hit
316,21.463421,4,AttackCommit,6,1.725917,5,Hit,30,Hit
317,21.535126,4,Recovering,6,1.797996,5,Hit,30,Hit
318,21.603778,4,Recovering,6,1.867241,5,Hit,30,Hit
319,21.671390,4,Recovering,6,1.934792,5,Hit,30,Hit
320,21.738571,4,Recovering,6,2.00158,5,Hit,30,Hit
321,21.809757,4,Recovering,6,2.074432,5,Hit,30,Hit
322,21.881515,4,Recovering,6,2.144673,5,Hit,30,Hit
323,21.951117,4,Recovering,6,2.216228,5,Hit,30,Hit
324,22.018081,4,Recovering,6,2.280502,5,Hit,30,Hit
325,22.088016,4,Recovering,6,2.3509,5,Hit,30,Hit
326,22.155264,4,Recovering,6,2.418327,5,Hit,30,Hit
327,22.226282,4,Recovering,6,2.489949,5,Hit,30,Hit
328,22.296754,4,Recovering,6,2.559726,5,Hit,30,Hit
329,22.367146,4,Recovering,6,2.630951,5,Hit,30,Hit
330,22.437603,4,Recovering,6,2.700881,5,Hit,30,Hit
331,22.509624,4,AttackWindup,7,0.008697952,5,None,30,Hit
332,22.578402,4,AttackWindup,7,0.07718384,5,None,30,Hit
333,22.647351,4,AttackWindup,7,0.1454252,5,None,30,Hit
334,22.715183,4,AttackWindup,7,0.213695,5,None,30,Hit
335,22.785239,4,AttackWindup,7,0.2860442,5,None,30,Hit
336,22.856636,4,AttackWindup,7,0.3552628,5,None,30,Hit
337,22.924652,4,AttackWindup,7,0.4252085,5,None,30,Hit
338,22.997203,4,AttackWindup,7,0.4960508,5,None,30,Hit
339,23.069190,5,Chasing,7,0,5,Aborted,30,Hit
340,23.140387,5,Chasing,7,0,5,Aborted,30,Hit
341,23.209001,5,Chasing,7,0,5,Aborted,30,Hit
342,23.277358,5,Chasing,7,0,5,Aborted,30,Miss
343,23.344548,5,Chasing,7,0,5,Aborted,30,Miss
344,23.416842,5,Chasing,7,0,5,Aborted,30,Miss
345,23.485880,5,Chasing,7,0,5,Aborted,30,Miss
346,23.553702,5,Chasing,7,0,5,Aborted,30,Miss
347,23.621161,5,Chasing,7,0,5,Aborted,30,Miss
348,23.693292,5,Chasing,7,0,5,Aborted,30,Miss
349,23.765764,5,Chasing,7,0,5,Aborted,30,Miss
350,23.833139,5,Chasing,7,0,5,Aborted,30,Miss
351,23.900895,5,Chasing,7,0,5,Aborted,30,Miss
352,23.968101,5,Chasing,7,0,5,Aborted,30,Miss
353,24.040348,5,Chasing,7,0,5,Aborted,30,Miss
354,24.109475,5,Chasing,7,0,5,Aborted,30,Miss
355,24.177012,5,Chasing,7,0,5,Aborted,30,Miss
356,24.243782,5,Chasing,7,0,5,Aborted,30,Miss
357,24.316473,5,Chasing,7,0,5,Aborted,30,Miss
358,24.383799,5,Chasing,7,0,5,Aborted,30,Miss
359,24.451097,5,Chasing,7,0,5,Aborted,30,Miss
360,24.518786,5,Chasing,7,0,5,Aborted,30,Miss
361,24.585940,5,Chasing,7,0,5,Aborted,30,Miss
362,24.652890,5,Chasing,7,0,5,Aborted,30,Miss
363,24.726632,5,Chasing,7,0,5,Aborted,30,Miss
364,24.794732,5,AttackWindup,8,0.02666538,5,None,30,Miss
365,24.863088,5,AttackWindup,8,0.09095242,5,None,30,Miss
366,24.930173,5,AttackWindup,8,0.1586299,5,None,30,Miss
367,24.998237,5,AttackWindup,8,0.2260785,5,None,30,Miss
368,25.068916,5,AttackWindup,8,0.2968876,5,None,30,Miss
369,25.137089,5,AttackWindup,8,0.3648181,5,None,30,Miss
370,25.208078,5,AttackWindup,8,0.4357302,5,None,30,Miss
371,25.275586,5,AttackWindup,8,0.5036132,5,None,30,Miss
372,25.342906,5,AttackWindup,8,0.5704483,5,None,30,Miss
373,25.409912,5,AttackWindup,8,0.6383331,5,None,30,Miss
374,25.477002,5,AttackWindup,8,0.7050963,5,None,30,Miss
375,25.544884,5,AttackWindup,8,0.7727784,5,None,30,Miss
376,25.612705,5,AttackWindup,8,0.8402244,5,None,30,Miss
377,25.680393,5,AttackWindup,8,0.9079119,5,None,30,Miss
378,25.752689,5,AttackWindup,8,0.9806089,5,None,30,Miss
379,25.825150,5,AttackCommit,8,1.052792,5,None,30,Miss
380,25.893879,5,AttackCommit,8,1.121419,5,None,30,Miss
381,25.961629,5,AttackCommit,8,1.189214,5,None,30,Miss
382,26.030609,6,AttackCommit,8,1.25786,6,Hit,30,Miss
383,26.098764,6,AttackCommit,8,1.326038,6,Hit,30,Miss
384,26.166178,6,AttackCommit,8,1.39774,6,Hit,30,Miss
385,26.268187,6,Dead,0,0,6,Hit,0,Hit
386,26.337900,6,Dead,0,0,6,Hit,0,Hit
387,26.409376,6,Dead,0,0,6,Hit,0,Hit
388,26.479450,6,Dead,0,0,6,Hit,0,Hit
389,26.546631,6,Dead,0,0,6,Hit,0,Hit
390,26.614901,6,Dead,0,0,6,Hit,0,Hit
391,26.683038,6,Dead,0,0,6,Hit,0,Hit
392,26.751565,6,Dead,0,0,6,Hit,0,Hit
393,26.823044,6,Dead,0,0,6,Hit,0,Hit
394,26.890409,6,Dead,0,0,6,Hit,0,Hit
395,26.957277,6,Dead,0,0,6,Hit,0,Hit
396,27.024800,6,Dead,0,0,6,Hit,0,Hit
397,27.093347,6,Dead,0,0,6,Hit,0,Hit
398,27.166197,6,Dead,0,0,6,Hit,0,Hit
399,27.234756,6,Dead,0,0,6,Hit,0,Hit
400,27.307224,6,Dead,0,0,6,Hit,0,Hit
401,27.375431,6,Dead,0,0,6,Hit,0,Hit
402,27.447486,6,Dead,0,0,6,Hit,0,Hit
403,27.516679,6,Dead,0,0,6,Hit,0,Hit
404,27.583710,6,Dead,0,0,6,Hit,0,Hit
405,27.651836,6,Dead,0,0,6,Hit,0,Hit
406,27.723436,6,Dead,0,0,6,Hit,0,Hit
407,27.791755,6,Dead,0,0,6,Hit,0,Hit
408,27.858767,6,Dead,0,0,6,Hit,0,Hit
409,27.926727,6,Dead,0,0,6,Hit,0,Hit
410,27.996514,6,Dead,0,0,6,Hit,0,Hit
411,28.065456,6,Dead,0,0,6,Hit,0,Hit
412,28.134971,6,Dead,0,0,6,Hit,0,Hit
413,28.206602,6,Dead,0,0,6,Hit,0,Hit
414,28.277361,6,Dead,0,0,6,Hit,0,Hit
415,28.350101,6,Dead,0,0,6,Hit,0,Hit
416,28.417559,6,Dead,0,0,6,Hit,0,Hit
417,28.485621,6,Dead,0,0,6,Hit,0,Hit
418,28.555006,6,Dead,0,0,6,Hit,0,Hit
419,28.626568,6,Dead,0,0,6,Hit,0,Hit
420,28.698383,6,Dead,0,0,6,Hit,0,Hit
421,28.766090,6,Dead,0,0,6,Hit,0,Hit
422,28.833406,6,Dead,0,0,6,Hit,0,Hit
423,28.900407,6,Dead,0,0,6,Hit,0,Hit
424,28.968356,6,Dead,0,0,6,Hit,0,Hit
425,29.037594,6,Dead,0,0,6,Hit,0,Hit
426,29.107178,6,Dead,0,0,6,Hit,0,Hit
427,29.176374,6,Dead,0,0,6,Hit,0,Hit
428,29.243453,6,Dead,0,0,6,Hit,0,Hit
429,29.311326,6,Dead,0,0,6,Hit,0,Hit
430,29.379280,6,Dead,0,0,6,Hit,0,Hit
431,29.446405,6,Dead,0,0,6,Hit,0,Hit
432,29.515643,6,Dead,0,0,6,Hit,0,Hit
433,29.584221,6,Dead,0,0,6,Hit,0,Hit
434,29.651967,6,Dead,0,0,6,Hit,0,Hit
435,29.718861,6,Dead,0,0,6,Hit,0,Hit
436,29.790034,6,Dead,0,0,6,Hit,0,Hit
437,29.858930,6,Dead,0,0,6,Hit,0,Hit
438,29.926077,6,Dead,0,0,6,Hit,0,Hit
439,29.994699,6,Dead,0,0,6,Hit,0,Hit
440,30.063917,7,Dead,0,0,6,Hit,0,Hit
441,30.130677,7,Dead,0,0,6,Hit,0,Hit
442,30.197686,7,Dead,0,0,6,Hit,0,Hit
443,30.264745,7,Dead,0,0,6,Hit,0,Hit
444,30.337649,7,Dead,0,0,6,Hit,0,Hit
445,30.408451,7,Dead,0,0,6,Hit,0,Hit
446,30.476566,7,Dead,0,0,6,Hit,0,Hit
447,30.544169,7,Dead,0,0,6,Hit,0,Hit
448,30.616560,7,Dead,0,0,6,Hit,0,Hit
449,30.684181,7,Dead,0,0,6,Hit,0,Hit
450,30.751495,7,Dead,0,0,6,Hit,0,Hit
451,30.819618,7,Dead,0,0,6,Hit,0,Hit
452,30.886810,7,Dead,0,0,6,Hit,0,Hit
453,30.958318,7,Dead,0,0,6,Hit,0,Hit
454,31.026545,7,Dead,0,0,6,Hit,0,Hit
455,31.099856,7,Dead,0,0,6,Hit,0,Hit
456,31.168835,7,Dead,0,0,6,Hit,0,Hit
457,31.237049,7,Dead,0,0,6,Hit,0,Hit
458,31.305149,7,Dead,0,0,6,Hit,0,Hit
459,31.375688,7,Dead,0,0,6,Hit,0,Hit
460,31.444108,7,Dead,0,0,6,Hit,0,Hit
461,31.511790,7,Dead,0,0,6,Hit,0,Hit
462,31.580922,7,Dead,0,0,6,Hit,0,Hit
463,31.650209,7,Dead,0,0,6,Hit,0,Hit
464,31.717159,7,Dead,0,0,6,Hit,0,Hit
465,31.788816,7,Dead,0,0,6,Hit,0,Hit
466,31.858884,7,Dead,0,0,6,Hit,0,Hit
467,31.925661,7,Dead,0,0,6,Hit,0,Hit
468,31.998506,7,Dead,0,0,6,Hit,0,Hit
469,32.067137,7,Dead,0,0,6,Hit,0,Hit
470,32.134817,7,Dead,0,0,6,Hit,0,Hit
471,32.202133,7,Dead,0,0,6,Hit,0,Hit
472,32.269164,7,Dead,0,0,6,Hit,0,Hit
473,32.339069,7,Dead,0,0,6,Hit,0,Hit
474,32.409868,7,Dead,0,0,6,Hit,0,Hit
475,32.476629,7,Dead,0,0,6,Hit,0,Hit
476,32.546877,7,Dead,0,0,6,Hit,0,Hit
477,32.616908,7,Dead,0,0,6,Hit,0,Hit
478,32.685198,7,Dead,0,0,6,Hit,0,Hit
479,32.752183,7,Dead,0,0,6,Hit,0,Hit
480,32.825080,7,Dead,0,0,6,Hit,0,Hit
481,32.891807,7,Dead,0,0,6,Hit,0,Hit
482,32.958682,7,Dead,0,0,6,Hit,0,Hit
483,33.027360,8,Dead,0,0,6,Hit,0,Hit
484,33.100206,8,Dead,0,0,6,Hit,0,Hit
485,33.168315,8,Dead,0,0,6,Hit,0,Hit
486,33.235568,8,Dead,0,0,6,Hit,0,Hit
487,33.302427,8,Dead,0,0,6,Hit,0,Hit
488,33.370365,8,Dead,0,0,6,Hit,0,Hit
489,33.438232,8,Dead,0,0,6,Hit,0,Hit
490,33.509125,8,Dead,0,0,6,Hit,0,Hit
491,33.577326,8,Dead,0,0,6,Hit,0,Hit
492,33.647164,8,Dead,0,0,6,Hit,0,Hit
493,33.714837,8,Dead,0,0,6,Hit,0,Hit
494,33.788241,8,Dead,0,0,6,Hit,0,Hit
495,33.858999,8,Dead,0,0,6,Hit,0,Hit
496,33.926860,8,Dead,0,0,6,Hit,0,Hit
497,33.996500,8,Dead,0,0,6,Hit,0,Hit
498,34.067347,8,Dead,0,0,6,Hit,0,Hit
499,34.135184,8,Dead,0,0,6,Hit,0,Hit
500,34.205941,8,Dead,0,0,6,Hit,0,Hit
501,34.276579,8,Dead,0,0,6,Hit,0,Hit
502,34.346496,8,Dead,0,0,6,Hit,0,Hit
503,34.413279,8,Dead,0,0,6,Hit,0,Hit
504,34.480193,8,Dead,0,0,6,Hit,0,Hit
505,34.549333,8,Dead,0,0,6,Hit,0,Hit
506,34.618762,8,Dead,0,0,6,Hit,0,Hit
507,34.685632,8,Dead,0,0,6,Hit,0,Hit
508,34.753359,8,Dead,0,0,6,Hit,0,Hit
509,34.824019,8,Dead,0,0,6,Hit,0,Hit
510,34.894230,8,Dead,0,0,6,Hit,0,Hit
511,34.966335,8,Dead,0,0,6,Hit,0,Hit
512,35.034864,8,Dead,0,0,6,Hit,0,Hit
513,35.101749,8,Dead,0,0,6,Hit,0,Hit
514,35.174445,8,Dead,0,0,6,Hit,0,Hit
515,35.242898,8,Dead,0,0,6,Hit,0,Hit
516,35.310551,8,Dead,0,0,6,Hit,0,Hit
517,35.379287,8,Dead,0,0,6,Hit,0,Hit
518,35.446973,8,Dead,0,0,6,Hit,0,Hit
519,35.518931,8,Dead,0,0,6,Hit,0,Hit
520,35.586854,8,Dead,0,0,6,Hit,0,Hit
521,35.659287,8,Dead,0,0,6,Hit,0,Hit
522,35.726993,8,Dead,0,0,6,Hit,0,Hit
523,35.799395,8,Dead,0,0,6,Hit,0,Hit
524,35.869184,8,Dead,0,0,6,Hit,0,Hit
525,35.941910,8,Dead,0,0,6,Hit,0,Hit
526,36.009774,8,Dead,0,0,6,Hit,0,Hit
527,36.078596,8,Dead,0,0,6,Hit,0,Hit
528,36.151040,8,Dead,0,0,6,Hit,0,Hit
529,36.219152,8,Dead,0,0,6,Hit,0,Hit
530,36.286402,8,Dead,0,0,6,Hit,0,Hit
531,36.354743,8,Dead,0,0,6,Hit,0,Hit
532,36.421640,8,Dead,0,0,6,Hit,0,Hit
533,36.490602,8,Dead,0,0,6,Hit,0,Hit
534,36.563280,8,Dead,0,0,6,Hit,0,Hit
535,36.630447,8,Dead,0,0,6,Hit,0,Hit
536,36.700678,8,Dead,0,0,6,Hit,0,Hit
537,36.769586,8,Dead,0,0,6,Hit,0,Hit
538,36.842503,8,Dead,0,0,6,Hit,0,Hit
539,36.911384,8,Dead,0,0,6,Hit,0,Hit
540,36.978550,8,Dead,0,0,6,Hit,0,Hit
541,37.047532,9,Dead,0,0,6,Hit,0,Hit
542,37.118960,9,Dead,0,0,6,Hit,0,Hit
543,37.190395,9,Dead,0,0,6,Hit,0,Hit
544,37.260306,9,Dead,0,0,6,Hit,0,Hit
545,37.328389,9,Dead,0,0,6,Hit,0,Hit
546,37.395633,9,Dead,0,0,6,Hit,0,Hit
547,37.467313,9,Dead,0,0,6,Hit,0,Hit
548,37.534168,9,Dead,0,0,6,Hit,0,Hit
549,37.601398,9,Dead,0,0,6,Hit,0,Hit
550,37.669174,9,Dead,0,0,6,Hit,0,Hit
551,37.736409,9,Dead,0,0,6,Hit,0,Hit
552,37.804748,9,Dead,0,0,6,Hit,0,Hit
553,37.873225,9,Dead,0,0,6,Hit,0,Hit
554,37.940679,9,Dead,0,0,6,Hit,0,Hit
555,38.009039,9,Dead,0,0,6,Hit,0,Hit
556,38.077392,9,Dead,0,0,6,Hit,0,Hit
557,38.147886,9,Dead,0,0,6,Hit,0,Hit
558,38.216044,9,Dead,0,0,6,Hit,0,Hit
559,38.283781,9,Dead,0,0,6,Hit,0,Hit
560,38.354389,9,Dead,0,0,6,Hit,0,Hit
561,38.421172,9,Dead,0,0,6,Hit,0,Hit
562,38.489785,9,Dead,0,0,6,Hit,0,Hit
563,38.556803,9,Dead,0,0,6,Hit,0,Hit
564,38.624826,9,Dead,0,0,6,Hit,0,Hit
565,38.693402,9,Dead,0,0,6,Hit,0,Hit
566,38.761081,9,Dead,0,0,6,Hit,0,Hit
567,38.829313,9,Dead,0,0,6,Hit,0,Hit
568,38.898700,9,Dead,0,0,6,Hit,0,Hit
569,38.965977,9,Dead,0,0,6,Hit,0,Hit
570,39.034490,9,Dead,0,0,6,Hit,0,Hit
571,39.102788,9,Dead,0,0,6,Hit,0,Hit
572,39.174006,9,Dead,0,0,6,Hit,0,Hit
573,39.243615,9,Dead,0,0,6,Hit,0,Hit
574,39.311328,9,Dead,0,0,6,Hit,0,Hit
575,39.381929,9,Dead,0,0,6,Hit,0,Hit
576,39.451061,9,Dead,0,0,6,Hit,0,Hit
577,39.519924,9,Dead,0,0,6,Hit,0,Hit
578,39.586781,9,Dead,0,0,6,Hit,0,Hit
579,39.654618,9,Dead,0,0,6,Hit,0,Hit
580,39.723542,9,Dead,0,0,6,Hit,0,Hit
581,39.791560,9,Dead,0,0,6,Hit,0,Hit
582,39.860697,9,Dead,0,0,6,Hit,0,Hit
583,39.932025,9,Dead,0,0,6,Hit,0,Hit
584,39.999578,9,Dead,0,0,6,Hit,0,Hit
585,40.067352,10,Dead,0,0,6,Hit,0,Hit
586,40.139727,10,Dead,0,0,6,Hit,0,Hit
587,40.207118,10,Dead,0,0,6,Hit,0,Hit
588,40.273904,10,Dead,0,0,6,Hit,0,Hit
589,40.344747,10,Dead,0,0,6,Hit,0,Hit
590,40.411673,10,Dead,0,0,6,Hit,0,Hit
591,40.479734,10,Dead,0,0,6,Hit,0,Hit
592,40.549016,10,Dead,0,0,6,Hit,0,Hit
593,40.617654,10,Dead,0,0,6,Hit,0,Hit
594,40.688453,10,Dead,0,0,6,Hit,0,Hit
595,40.761142,10,Dead,0,0,6,Hit,0,Hit
596,40.830408,10,Dead,0,0,6,Hit,0,Hit
597,40.901352,10,Dead,0,0,6,Hit,0,Hit
598,40.971849,10,Dead,0,0,6,Hit,0,Hit
599,41.043197,10,Dead,0,0,6,Hit,0,Hit
600,41.113242,10,Dead,0,0,6,Hit,0,Hit
601,41.183884,10,Dead,0,0,6,Hit,0,Hit
602,41.253024,10,Dead,0,0,6,Hit,0,Hit
603,41.321039,10,Dead,0,0,6,Hit,0,Hit
604,41.389968,10,Dead,0,0,6,Hit,0,Hit
605,41.458583,10,Dead,0,0,6,Hit,0,Hit
606,41.525271,10,Dead,0,0,6,Hit,0,Hit
607,41.595780,10,Dead,0,0,6,Hit,0,Hit
608,41.663735,10,Dead,0,0,6,Hit,0,Hit
609,41.736187,10,Dead,0,0,6,Hit,0,Hit
610,41.805842,10,Dead,0,0,6,Hit,0,Hit
611,41.872887,10,Dead,0,0,6,Hit,0,Hit
612,41.945202,10,Dead,0,0,6,Hit,0,Hit
613,42.016713,10,Dead,0,0,6,Hit,0,Hit
614,42.083856,10,Dead,0,0,6,Hit,0,Hit
615,42.151238,10,Dead,0,0,6,Hit,0,Hit
616,42.219041,10,Dead,0,0,6,Hit,0,Hit
617,42.287144,10,Dead,0,0,6,Hit,0,Hit
618,42.358194,10,Dead,0,0,6,Hit,0,Hit
619,42.425835,10,Dead,0,0,6,Hit,0,Hit
620,42.495528,10,Dead,0,0,6,Hit,0,Hit
621,42.563335,10,Dead,0,0,6,Hit,0,Hit
622,42.630040,10,Dead,0,0,6,Hit,0,Hit
623,42.702423,10,Dead,0,0,6,Hit,0,Hit
624,42.775718,10,Dead,0,0,6,Hit,0,Hit
625,42.845976,10,Dead,0,0,6,Hit,0,Hit
626,42.917555,10,Dead,0,0,6,Hit,0,Hit
627,42.987920,10,Dead,0,0,6,Hit,0,Hit
