cue	bus	gain	priority	range	spatial	loop	path	length	channels	load	format	mono
StepDefault	Effects	0.28	100	14	True	False	Assets/ThirdParty/S15 Sound Pack/Essentials_Series_NOX_SOUND/Footsteps_Essentials_NOX_SOUND/Footsteps_DirtyGround/Footsteps_DirtyGround_Walk/Footsteps_DirtyGround_Walk_01.wav	0.36	1	DecompressOnLoad	ADPCM	True
StepDefault	Effects	0.28	100	14	True	False	Assets/ThirdParty/S15 Sound Pack/Essentials_Series_NOX_SOUND/Footsteps_Essentials_NOX_SOUND/Footsteps_DirtyGround/Footsteps_DirtyGround_Walk/Footsteps_DirtyGround_Walk_02.wav	0.3453333	1	DecompressOnLoad	ADPCM	True
StepDefault	Effects	0.28	100	14	True	False	Assets/ThirdParty/S15 Sound Pack/Essentials_Series_NOX_SOUND/Footsteps_Essentials_NOX_SOUND/Footsteps_DirtyGround/Footsteps_DirtyGround_Walk/Footsteps_DirtyGround_Walk_03.wav	0.3906667	1	DecompressOnLoad	ADPCM	True
StepWood	Effects	0.28	100	14	True	False	Assets/ThirdParty/S15 Sound Pack/Essentials_Series_NOX_SOUND/Footsteps_Essentials_NOX_SOUND/Footsteps_Wood/Footsteps_Wood_Walk/Footsteps_Wood_Walk_01.wav	0.4493333	1	DecompressOnLoad	ADPCM	True
StepWood	Effects	0.28	100	14	True	False	Assets/ThirdParty/S15 Sound Pack/Essentials_Series_NOX_SOUND/Footsteps_Essentials_NOX_SOUND/Footsteps_Wood/Footsteps_Wood_Walk/Footsteps_Wood_Walk_02.wav	0.4733333	1	DecompressOnLoad	ADPCM	True
StepWood	Effects	0.28	100	14	True	False	Assets/ThirdParty/S15 Sound Pack/Essentials_Series_NOX_SOUND/Footsteps_Essentials_NOX_SOUND/Footsteps_Wood/Footsteps_Wood_Walk/Footsteps_Wood_Walk_03.wav	0.5106667	1	DecompressOnLoad	ADPCM	True
StepDirt	Effects	0.25	100	14	True	False	Assets/ThirdParty/S15 Sound Pack/Essentials_Series_NOX_SOUND/Footsteps_Essentials_NOX_SOUND/Footsteps_DirtyGround/Footsteps_DirtyGround_Walk/Footsteps_DirtyGround_Walk_01.wav	0.36	1	DecompressOnLoad	ADPCM	True
StepDirt	Effects	0.25	100	14	True	False	Assets/ThirdParty/S15 Sound Pack/Essentials_Series_NOX_SOUND/Footsteps_Essentials_NOX_SOUND/Footsteps_DirtyGround/Footsteps_DirtyGround_Walk/Footsteps_DirtyGround_Walk_02.wav	0.3453333	1	DecompressOnLoad	ADPCM	True
StepDirt	Effects	0.25	100	14	True	False	Assets/ThirdParty/S15 Sound Pack/Essentials_Series_NOX_SOUND/Footsteps_Essentials_NOX_SOUND/Footsteps_DirtyGround/Footsteps_DirtyGround_Walk/Footsteps_DirtyGround_Walk_03.wav	0.3906667	1	DecompressOnLoad	ADPCM	True
StepGrass	Effects	0.25	100	14	True	False	Assets/ThirdParty/S15 Sound Pack/Essentials_Series_NOX_SOUND/Footsteps_Essentials_NOX_SOUND/Footsteps_Grass/Footsteps_Grass_Walk/Footsteps_Walk_Grass_Mono_01.wav	0.564	1	DecompressOnLoad	ADPCM	True
StepGrass	Effects	0.25	100	14	True	False	Assets/ThirdParty/S15 Sound Pack/Essentials_Series_NOX_SOUND/Footsteps_Essentials_NOX_SOUND/Footsteps_Grass/Footsteps_Grass_Walk/Footsteps_Walk_Grass_Mono_02.wav	0.5426667	1	DecompressOnLoad	ADPCM	True
StepGrass	Effects	0.25	100	14	True	False	Assets/ThirdParty/S15 Sound Pack/Essentials_Series_NOX_SOUND/Footsteps_Essentials_NOX_SOUND/Footsteps_Grass/Footsteps_Grass_Walk/Footsteps_Walk_Grass_Mono_03.wav	0.564	1	DecompressOnLoad	ADPCM	True
StepGravel	Effects	0.28	100	14	True	False	Assets/ThirdParty/S15 Sound Pack/Essentials_Series_NOX_SOUND/Footsteps_Essentials_NOX_SOUND/Footsteps_Gravel/Footsteps_Gravel_Walk/Footsteps_Gravel_Walk_01.wav	0.7546667	1	DecompressOnLoad	ADPCM	True
StepGravel	Effects	0.28	100	14	True	False	Assets/ThirdParty/S15 Sound Pack/Essentials_Series_NOX_SOUND/Footsteps_Essentials_NOX_SOUND/Footsteps_Gravel/Footsteps_Gravel_Walk/Footsteps_Gravel_Walk_02.wav	0.612	1	DecompressOnLoad	ADPCM	True
StepGravel	Effects	0.28	100	14	True	False	Assets/ThirdParty/S15 Sound Pack/Essentials_Series_NOX_SOUND/Footsteps_Essentials_NOX_SOUND/Footsteps_Gravel/Footsteps_Gravel_Walk/Footsteps_Gravel_Walk_03.wav	0.48	1	DecompressOnLoad	ADPCM	True
StepMetal	Effects	0.25	100	14	True	False	Assets/ThirdParty/S15 Sound Pack/Essentials_Series_NOX_SOUND/Footsteps_Essentials_NOX_SOUND/Footsteps_Metal/Footsteps_Metal_Walk/Footsteps_MetalV1_Walk_01.wav	0.528	1	DecompressOnLoad	ADPCM	True
StepMetal	Effects	0.25	100	14	True	False	Assets/ThirdParty/S15 Sound Pack/Essentials_Series_NOX_SOUND/Footsteps_Essentials_NOX_SOUND/Footsteps_Metal/Footsteps_Metal_Walk/Footsteps_MetalV1_Walk_02.wav	0.5026667	1	DecompressOnLoad	ADPCM	True
StepMetal	Effects	0.25	100	14	True	False	Assets/ThirdParty/S15 Sound Pack/Essentials_Series_NOX_SOUND/Footsteps_Essentials_NOX_SOUND/Footsteps_Metal/Footsteps_Metal_Walk/Footsteps_MetalV1_Walk_03.wav	0.54	1	DecompressOnLoad	ADPCM	True
StepStone	Effects	0.25	100	14	True	False	Assets/ThirdParty/S15 Sound Pack/Essentials_Series_NOX_SOUND/Footsteps_Essentials_NOX_SOUND/Footsteps_Rock/Footsteps_Rock_Walk/Footsteps_Rock_Walk_01.wav	0.4373333	1	DecompressOnLoad	ADPCM	True
StepStone	Effects	0.25	100	14	True	False	Assets/ThirdParty/S15 Sound Pack/Essentials_Series_NOX_SOUND/Footsteps_Essentials_NOX_SOUND/Footsteps_Rock/Footsteps_Rock_Walk/Footsteps_Rock_Walk_02.wav	0.4213333	1	DecompressOnLoad	ADPCM	True
StepStone	Effects	0.25	100	14	True	False	Assets/ThirdParty/S15 Sound Pack/Essentials_Series_NOX_SOUND/Footsteps_Essentials_NOX_SOUND/Footsteps_Rock/Footsteps_Rock_Walk/Footsteps_Rock_Walk_03.wav	0.4493333	1	DecompressOnLoad	ADPCM	True
ZombieIdle	Voice	0.3	160	12	True	False	Assets/ThirdParty/S15 Sound Pack/ZombieHorrorPackageFree/WAV/VO/Zombie01/Zombie001_Idle_A_001.wav	2.700771	1	DecompressOnLoad	ADPCM	True
ZombieIdle	Voice	0.3	160	12	True	False	Assets/ThirdParty/S15 Sound Pack/ZombieHorrorPackageFree/WAV/VO/Zombie01/Zombie001_Idle_A_002.wav	2.928617	1	DecompressOnLoad	ADPCM	True
ZombieIdle	Voice	0.3	160	12	True	False	Assets/ThirdParty/S15 Sound Pack/ZombieHorrorPackageFree/WAV/VO/Zombie01/Zombie001_Idle_A_003.wav	3.001179	1	DecompressOnLoad	ADPCM	True
ZombieAlert	Voice	0.48	60	16	True	False	Assets/ThirdParty/S15 Sound Pack/ZombieHorrorPackageFree/WAV/VO/Zombie03/Zombie003_Idle_A_001.wav	2.639819	1	DecompressOnLoad	ADPCM	True
ZombieApproach	Voice	0.36	90	16	True	False	Assets/ThirdParty/S15 Sound Pack/ZombieHorrorPackageFree/WAV/VO/Zombie03/Zombie003_Idle_A_001.wav	2.639819	1	DecompressOnLoad	ADPCM	True
ZombieApproach	Voice	0.36	90	16	True	False	Assets/ThirdParty/S15 Sound Pack/ZombieHorrorPackageFree/WAV/VO/Zombie03/Zombie003_Idle_A_002.wav	3.348027	1	DecompressOnLoad	ADPCM	True
ZombieApproach	Voice	0.36	90	16	True	False	Assets/ThirdParty/S15 Sound Pack/ZombieHorrorPackageFree/WAV/VO/Zombie03/Zombie003_Idle_A_003.wav	2.528073	1	DecompressOnLoad	ADPCM	True
ZombieTelegraph	Voice	0.72	16	8	True	False	Assets/ThirdParty/S15 Sound Pack/ZombieHorrorPackageFree/WAV/VO/Zombie01/Zombie001_Attack_A_001.wav	1.249524	1	DecompressOnLoad	ADPCM	True
ZombieTelegraph	Voice	0.72	16	8	True	False	Assets/ThirdParty/S15 Sound Pack/ZombieHorrorPackageFree/WAV/VO/Zombie01/Zombie001_Attack_A_002.wav	1.650068	1	DecompressOnLoad	ADPCM	True
ZombieTelegraph	Voice	0.72	16	8	True	False	Assets/ThirdParty/S15 Sound Pack/ZombieHorrorPackageFree/WAV/VO/Zombie01/Zombie001_Attack_A_003.wav	1.541224	1	DecompressOnLoad	ADPCM	True
ZombieAttack	Voice	0.45	40	8	True	False	Assets/ThirdParty/S15 Sound Pack/ZombieHorrorPackageFree/WAV/Bite/Zombie_Attack_Bite_001.wav	1.304671	1	DecompressOnLoad	ADPCM	True
ZombieAttack	Voice	0.45	40	8	True	False	Assets/ThirdParty/S15 Sound Pack/ZombieHorrorPackageFree/WAV/Bite/Zombie_Attack_Bite_002.wav	2.00127	1	DecompressOnLoad	ADPCM	True
ZombieHurt	Voice	0.44	70	16	True	False	Assets/ThirdParty/S15 Sound Pack/ZombieHorrorPackageFree/WAV/VO/Zombie01/Zombie001_Hurt_A_001.wav	0.869297	1	DecompressOnLoad	ADPCM	True
ZombieHurt	Voice	0.44	70	16	True	False	Assets/ThirdParty/S15 Sound Pack/ZombieHorrorPackageFree/WAV/VO/Zombie01/Zombie001_Hurt_A_002.wav	0.9578232	1	DecompressOnLoad	ADPCM	True
ZombieHurt	Voice	0.44	70	16	True	False	Assets/ThirdParty/S15 Sound Pack/ZombieHorrorPackageFree/WAV/VO/Zombie01/Zombie001_Hurt_A_003.wav	1.184218	1	DecompressOnLoad	ADPCM	True
ZombieDeath	Effects	0.45	70	16	True	False	Assets/ThirdParty/S15 Sound Pack/ZombieHorrorPackageFree/WAV/BodyFall/Foley_BodyFall_001.wav	1.21034	1	DecompressOnLoad	ADPCM	True
ZombieDeath	Effects	0.45	70	16	True	False	Assets/ThirdParty/S15 Sound Pack/ZombieHorrorPackageFree/WAV/BodyFall/Foley_BodyFall_002.wav	0.898322	1	DecompressOnLoad	ADPCM	True
ZombieDeath	Effects	0.45	70	16	True	False	Assets/ThirdParty/S15 Sound Pack/ZombieHorrorPackageFree/WAV/BodyFall/Foley_BodyFall_003.wav	1.422222	1	DecompressOnLoad	ADPCM	True
Fire	Effects	0.52	35	20	False	False	Assets/ThirdParty/S15 Sound Pack/FreeWeaponSFX_v1.1/AssaultRifle/Gunshots/sfx_wpn_ar_gunshot_01.wav	1.50059	2	DecompressOnLoad	ADPCM	False
Fire	Effects	0.52	35	20	False	False	Assets/ThirdParty/S15 Sound Pack/FreeWeaponSFX_v1.1/AssaultRifle/Gunshots/sfx_wpn_ar_gunshot_02.wav	1.50059	2	DecompressOnLoad	ADPCM	False
Fire	Effects	0.52	35	20	False	False	Assets/ThirdParty/S15 Sound Pack/FreeWeaponSFX_v1.1/AssaultRifle/Gunshots/sfx_wpn_ar_gunshot_03.wav	1.50059	2	DecompressOnLoad	ADPCM	False
DryFire	Effects	0.4	50	20	False	False	Assets/ThirdParty/S15 Sound Pack/Essentials_Series_NOX_SOUND/Vehicle_Essentials_NOX_SOUND/Vehicle_Essential_Car/Vehicle_Car_Button_Mono_01.wav	0.304	1	DecompressOnLoad	ADPCM	False
ReloadStart	Effects	0.3	60	20	False	False	Assets/ThirdParty/S15 Sound Pack/FreeWeaponSFX_v1.1/AssaultRifle/Reload/sfx_wpn_ar_reload_02_magDraw.wav	0.5006803	2	DecompressOnLoad	ADPCM	False
MagazineOut	Effects	0.38	55	20	False	False	Assets/ThirdParty/S15 Sound Pack/FreeWeaponSFX_v1.1/AssaultRifle/Reload/sfx_wpn_ar_reload_01_magOut.wav	0.6254875	2	DecompressOnLoad	ADPCM	False
MagazineIn	Effects	0.38	55	20	False	False	Assets/ThirdParty/S15 Sound Pack/FreeWeaponSFX_v1.1/AssaultRifle/Reload/sfx_wpn_ar_reload_03_magIn.wav	0.6254875	2	DecompressOnLoad	ADPCM	False
Bolt	Effects	0.4	55	20	False	False	Assets/ThirdParty/S15 Sound Pack/FreeWeaponSFX_v1.1/AssaultRifle/Reload/sfx_wpn_ar_reload_04_charge.wav	0.7502948	2	DecompressOnLoad	ADPCM	False
Equip	Effects	0.28	90	20	False	False	Assets/ThirdParty/S15 Sound Pack/FreeWeaponSFX_v1.1/AssaultRifle/Foley/sfx_wpn_ar_foley_equip_01.wav	0.7502948	2	DecompressOnLoad	ADPCM	False
Equip	Effects	0.28	90	20	False	False	Assets/ThirdParty/S15 Sound Pack/FreeWeaponSFX_v1.1/AssaultRifle/Foley/sfx_wpn_ar_foley_equip_02.wav	0.875102	2	DecompressOnLoad	ADPCM	False
MeleeSwing	Effects	0.35	70	20	False	False	Assets/ThirdParty/S15 Sound Pack/ZombieHorrorPackageFree/WAV/Foley/Foley_Movement_Clothes_A_001.wav	1.160998	2	DecompressOnLoad	ADPCM	False
MeleeSwing	Effects	0.35	70	20	False	False	Assets/ThirdParty/S15 Sound Pack/ZombieHorrorPackageFree/WAV/Foley/Foley_Movement_Clothes_A_002.wav	1.050703	2	DecompressOnLoad	ADPCM	False
MeleeSwing	Effects	0.35	70	20	False	False	Assets/ThirdParty/S15 Sound Pack/ZombieHorrorPackageFree/WAV/Foley/Foley_Movement_Clothes_A_003.wav	0.9491156	2	DecompressOnLoad	ADPCM	False
MeleeImpact	Effects	0.5	40	20	False	False	Assets/ThirdParty/S15 Sound Pack/ZombieHorrorPackageFree/WAV/Impact/Impact_Flesh_001.wav	0.3961905	2	DecompressOnLoad	ADPCM	False
MeleeImpact	Effects	0.5	40	20	False	False	Assets/ThirdParty/S15 Sound Pack/ZombieHorrorPackageFree/WAV/Impact/Impact_Flesh_002.wav	0.5645351	2	DecompressOnLoad	ADPCM	False
MeleeImpact	Effects	0.5	40	20	False	False	Assets/ThirdParty/S15 Sound Pack/ZombieHorrorPackageFree/WAV/Impact/Impact_Flesh_003.wav	0.5659864	2	DecompressOnLoad	ADPCM	False
Confirm	Effects	0.18	80	20	False	False	Assets/ThirdParty/S15 Sound Pack/Essentials_Series_NOX_SOUND/Vehicle_Essentials_NOX_SOUND/Vehicle_Essential_Car/Vehicle_Car_Button_Mono_01.wav	0.304	1	DecompressOnLoad	ADPCM	False
Wind	Ambience	0.12	200	20	False	True	Assets/ThirdParty/S15 Sound Pack/Essentials_Series_NOX_SOUND/Nature_Essentials_NOX_SOUND/Ambiance_Wind_Forest_Loop_Stereo.wav	29.91902	2	Streaming	Vorbis	False
Rain	Ambience	0.24	200	20	False	True	Assets/ThirdParty/S15 Sound Pack/Essentials_Series_NOX_SOUND/Nature_Essentials_NOX_SOUND/Ambiance_Rain_Calm_Loop_Stereo.wav	30	2	Streaming	Vorbis	False
HeavyRain	Ambience	0.18	200	20	False	True	Assets/ThirdParty/S15 Sound Pack/Essentials_Series_NOX_SOUND/Nature_Essentials_NOX_SOUND/Ambiance_Rain_Strong_Loop_Stereo.wav	29.9491	2	Streaming	Vorbis	False
Night	Ambience	0.15	200	20	False	True	Assets/ThirdParty/S15 Sound Pack/Essentials_Series_NOX_SOUND/Nature_Essentials_NOX_SOUND/Ambiance_Night_Loop_Stereo.wav	29.85958	2	Streaming	Vorbis	False
Interior	Ambience	0.05	200	20	False	True	Assets/ThirdParty/S15 Sound Pack/Essentials_Series_NOX_SOUND/Nature_Essentials_NOX_SOUND/Ambiance_Wind_Calm_Loop_Stereo.wav	29.85208	2	Streaming	Vorbis	False
Exploration	Music	0.11	200	20	False	True	Assets/ThirdParty/S15 Sound Pack/Horror_Music_Pack_Starter_Kit/WAV_ATMOSPHERIC_LOOP_Phosphoric_Synesthesia.wav	144	2	Streaming	Vorbis	False
Threat	Music	0.19	200	20	False	True	Assets/ThirdParty/S15 Sound Pack/Horror_Music_Pack_Starter_Kit/WAV_TENSION_LOOP_The_Wood_Monster.wav	82.28571	2	Streaming	Vorbis	False
Relief	Music	0.1	200	20	False	True	Assets/ThirdParty/S15 Sound Pack/Horror_Music_Pack_Starter_Kit/WAV_AMBIENCE_LOOP_Mirrored_Reflections.wav	127	2	Streaming	Vorbis	False
