layout-idle	Chasing	0	Unspecified	0	0	0	0	100	0
body-hit-react-start	HitReact	1	Body	30	1	30	100	70	1
body-hit-react-peak	HitReact	1	Body	30	1	30	100	70	1
reaction-recovered	Chasing	1	Body	30	1	30	100	70	1
head-shot	Chasing	2	Head	30	2	60	70	10	2
lethal-body	Dead	3	Body	30	1	30	10	0	3
death-middle	Dead	3	Body	30	1	30	10	0	3
corpse-final	Dead	3	Body	30	1	30	10	0	3
corpse-inactive	Dead	3	Body	30	1	30	10	0	3
loop-chase	Chasing	0	Unspecified	0	0	0	0	100	0
loop-dodge	AttackCommit	0	Unspecified	0	0	0	0	100	0
loop-body-reaction	HitReact	4	Body	30	1	30	100	70	1
loop-player-hit	AttackCommit	4	Body	30	1	30	100	70	1
loop-lethal	Dead	6	Body	30	1	30	10	0	3
loop-complete	Dead	6	Body	30	1	30	10	0	3
layout-Idle	Chasing	7	Head	0.01	2	0.02	100	99.98	1
layout-Locomotion	Chasing	8	Head	0.01	2	0.02	99.98	99.96001	2
layout-Attack	Chasing	9	Head	0.01	2	0.02	99.96001	99.94001	3
layout-HitReact	Chasing	10	Head	0.01	2	0.02	99.94001	99.92001	4
lethal-AttackWindup	Dead	14	Body	30	1	30	10	0	3
lethal-AttackCommit	Dead	17	Body	30	1	30	10	0	3
lethal-Recovering	Dead	20	Body	30	1	30	10	0	3
new-session-alive	Idle	0	Unspecified	0	0	0	0	100	0
layout-idle	Chasing	0	Unspecified	0	0	0	0	100	0
body-hit-react-start	HitReact	5	Body	30	1	30	100	70	1
body-hit-react-peak	HitReact	5	Body	30	1	30	100	70	1
reaction-recovered	Chasing	5	Body	30	1	30	100	70	1
head-shot	Chasing	6	Head	30	2	60	70	10	2
lethal-body	Dead	7	Body	30	1	30	10	0	3
death-middle	Dead	7	Body	30	1	30	10	0	3
corpse-final	Dead	7	Body	30	1	30	10	0	3
corpse-inactive	Dead	7	Body	30	1	30	10	0	3
loop-chase	Chasing	0	Unspecified	0	0	0	0	100	0
loop-dodge	AttackCommit	0	Unspecified	0	0	0	0	100	0
loop-body-reaction	HitReact	8	Body	30	1	30	100	70	1
loop-player-hit	AttackCommit	8	Body	30	1	30	100	70	1
loop-lethal	Dead	10	Body	30	1	30	10	0	3
loop-complete	Dead	10	Body	30	1	30	10	0	3
layout-Idle	Chasing	11	Head	0.01	2	0.02	100	99.98	1
layout-Locomotion	Chasing	12	Head	0.01	2	0.02	99.98	99.96001	2
layout-Attack	Chasing	13	Head	0.01	2	0.02	99.96001	99.94001	3
layout-HitReact	Chasing	14	Head	0.01	2	0.02	99.94001	99.92001	4
lethal-AttackWindup	Dead	18	Body	30	1	30	10	0	3
lethal-AttackCommit	Dead	21	Body	30	1	30	10	0	3
lethal-Recovering	Dead	24	Body	30	1	30	10	0	3
new-session-alive	Idle	0	Unspecified	0	0	0	0	100	0
layout-idle	Chasing	0	Unspecified	0	0	0	0	100	0
body-hit-react-start	HitReact	15	Body	30	1	30	100	70	1
body-hit-react-peak	HitReact	15	Body	30	1	30	100	70	1
reaction-recovered	Chasing	15	Body	30	1	30	100	70	1
head-shot	Chasing	16	Head	30	2	60	70	10	2
lethal-body	Dead	17	Body	30	1	30	10	0	3
death-middle	Dead	17	Body	30	1	30	10	0	3
corpse-final	Dead	17	Body	30	1	30	10	0	3
corpse-inactive	Dead	17	Body	30	1	30	10	0	3
loop-chase	Chasing	0	Unspecified	0	0	0	0	100	0
loop-dodge	AttackCommit	0	Unspecified	0	0	0	0	100	0
loop-body-reaction	HitReact	18	Body	30	1	30	100	70	1
loop-player-hit	AttackCommit	18	Body	30	1	30	100	70	1
loop-lethal	Dead	20	Body	30	1	30	10	0	3
loop-complete	Dead	20	Body	30	1	30	10	0	3
layout-Idle	Chasing	21	Head	0.01	2	0.02	100	99.98	1
layout-Locomotion	Chasing	22	Head	0.01	2	0.02	99.98	99.96001	2
layout-Attack	Chasing	23	Head	0.01	2	0.02	99.96001	99.94001	3
layout-HitReact	Chasing	24	Head	0.01	2	0.02	99.94001	99.92001	4
lethal-AttackWindup	Dead	28	Body	30	1	30	10	0	3
lethal-AttackCommit	Dead	31	Body	30	1	30	10	0	3
lethal-Recovering	Dead	34	Body	30	1	30	10	0	3
new-session-alive	Idle	0	Unspecified	0	0	0	0	100	0
layout-idle	Chasing	0	Unspecified	0	0	0	0	100	0
body-hit-react-start	HitReact	15	Body	30	1	30	100	70	1
body-hit-react-peak	HitReact	15	Body	30	1	30	100	70	1
reaction-recovered	Chasing	15	Body	30	1	30	100	70	1
head-shot	Chasing	16	Head	30	2	60	70	10	2
lethal-body	Dead	17	Body	30	1	30	10	0	3
death-middle	Dead	17	Body	30	1	30	10	0	3
corpse-final	Dead	17	Body	30	1	30	10	0	3
corpse-inactive	Dead	17	Body	30	1	30	10	0	3
loop-chase	Chasing	0	Unspecified	0	0	0	0	100	0
loop-dodge	AttackCommit	0	Unspecified	0	0	0	0	100	0
loop-body-reaction	HitReact	18	Body	30	1	30	100	70	1
loop-player-hit	AttackCommit	18	Body	30	1	30	100	70	1
loop-lethal	Dead	20	Body	30	1	30	10	0	3
loop-complete	Dead	20	Body	30	1	30	10	0	3
layout-Idle	Chasing	21	Head	0.01	2	0.02	100	99.98	1
layout-Locomotion	Chasing	22	Head	0.01	2	0.02	99.98	99.96001	2
layout-Attack	Chasing	23	Head	0.01	2	0.02	99.96001	99.94001	3
layout-HitReact	Chasing	24	Head	0.01	2	0.02	99.94001	99.92001	4
lethal-AttackWindup	Dead	28	Body	30	1	30	10	0	3
lethal-AttackCommit	Dead	31	Body	30	1	30	10	0	3
lethal-Recovering	Dead	34	Body	30	1	30	10	0	3
new-session-alive	Idle	0	Unspecified	0	0	0	0	100	0
layout-idle	Chasing	0	Unspecified	0	0	0	0	100	0
body-hit-react-start	HitReact	15	Body	30	1	30	100	70	1
body-hit-react-peak	HitReact	15	Body	30	1	30	100	70	1
reaction-recovered	Chasing	15	Body	30	1	30	100	70	1
head-shot	Chasing	16	Head	30	2	60	70	10	2
lethal-body	Dead	17	Body	30	1	30	10	0	3
death-middle	Dead	17	Body	30	1	30	10	0	3
corpse-final	Dead	17	Body	30	1	30	10	0	3
corpse-inactive	Dead	17	Body	30	1	30	10	0	3
loop-chase	Chasing	0	Unspecified	0	0	0	0	100	0
loop-dodge	AttackCommit	0	Unspecified	0	0	0	0	100	0
loop-body-reaction	HitReact	18	Body	30	1	30	100	70	1
loop-player-hit	AttackCommit	18	Body	30	1	30	100	70	1
loop-lethal	Dead	20	Body	30	1	30	10	0	3
loop-complete	Dead	20	Body	30	1	30	10	0	3
layout-Idle	Chasing	21	Head	0.01	2	0.02	100	99.98	1
layout-Locomotion	Chasing	22	Head	0.01	2	0.02	99.98	99.96001	2
layout-Attack	Chasing	23	Head	0.01	2	0.02	99.96001	99.94001	3
layout-HitReact	Chasing	24	Head	0.01	2	0.02	99.94001	99.92001	4
lethal-AttackWindup	Dead	28	Body	30	1	30	10	0	3
lethal-AttackCommit	Dead	31	Body	30	1	30	10	0	3
lethal-Recovering	Dead	34	Body	30	1	30	10	0	3
new-session-alive	Idle	0	Unspecified	0	0	0	0	100	0
layout-idle	Chasing	0	Unspecified	0	0	0	0	100	0
body-hit-react-start	HitReact	15	Body	30	1	30	100	70	1
body-hit-react-peak	HitReact	15	Body	30	1	30	100	70	1
reaction-recovered	Chasing	15	Body	30	1	30	100	70	1
head-shot	Chasing	16	Head	30	2	60	70	10	2
lethal-body	Dead	17	Body	30	1	30	10	0	3
death-middle	Dead	17	Body	30	1	30	10	0	3
corpse-final	Dead	17	Body	30	1	30	10	0	3
corpse-inactive	Dead	17	Body	30	1	30	10	0	3
loop-chase	Chasing	0	Unspecified	0	0	0	0	100	0
loop-dodge	AttackCommit	0	Unspecified	0	0	0	0	100	0
loop-body-reaction	HitReact	18	Body	30	1	30	100	70	1
loop-player-hit	AttackCommit	18	Body	30	1	30	100	70	1
loop-lethal	Dead	20	Body	30	1	30	10	0	3
loop-complete	Dead	20	Body	30	1	30	10	0	3
layout-Idle	Chasing	21	Head	0.01	2	0.02	100	99.98	1
layout-Locomotion	Chasing	22	Head	0.01	2	0.02	99.98	99.96001	2
layout-Attack	Chasing	23	Head	0.01	2	0.02	99.96001	99.94001	3
layout-HitReact	Chasing	24	Head	0.01	2	0.02	99.94001	99.92001	4
lethal-AttackWindup	Dead	28	Body	30	1	30	10	0	3
lethal-AttackCommit	Dead	31	Body	30	1	30	10	0	3
lethal-Recovering	Dead	34	Body	30	1	30	10	0	3
new-session-alive	Idle	0	Unspecified	0	0	0	0	100	0
layout-idle	Chasing	0	Unspecified	0	0	0	0	100	0
body-hit-react-start	HitReact	15	Body	30	1	30	100	70	1
body-hit-react-peak	HitReact	15	Body	30	1	30	100	70	1
reaction-recovered	Chasing	15	Body	30	1	30	100	70	1
head-shot	Chasing	16	Head	30	2	60	70	10	2
lethal-body	Dead	17	Body	30	1	30	10	0	3
death-middle	Dead	17	Body	30	1	30	10	0	3
corpse-final	Dead	17	Body	30	1	30	10	0	3
corpse-inactive	Dead	17	Body	30	1	30	10	0	3
loop-chase	Chasing	0	Unspecified	0	0	0	0	100	0
loop-dodge	AttackCommit	0	Unspecified	0	0	0	0	100	0
loop-body-reaction	HitReact	18	Body	30	1	30	100	70	1
loop-player-hit	AttackCommit	18	Body	30	1	30	100	70	1
loop-lethal	Dead	20	Body	30	1	30	10	0	3
loop-complete	Dead	20	Body	30	1	30	10	0	3
layout-Idle	Chasing	21	Head	0.01	2	0.02	100	99.98	1
layout-Locomotion	Chasing	22	Head	0.01	2	0.02	99.98	99.96001	2
layout-Attack	Chasing	23	Head	0.01	2	0.02	99.96001	99.94001	3
layout-HitReact	Chasing	24	Head	0.01	2	0.02	99.94001	99.92001	4
lethal-AttackWindup	Dead	28	Body	30	1	30	10	0	3
lethal-AttackCommit	Dead	31	Body	30	1	30	10	0	3
lethal-Recovering	Dead	34	Body	30	1	30	10	0	3
new-session-alive	Idle	0	Unspecified	0	0	0	0	100	0
layout-idle	Chasing	0	Unspecified	0	0	0	0	100	0
body-hit-react-start	HitReact	15	Body	30	1	30	100	70	1
body-hit-react-peak	HitReact	15	Body	30	1	30	100	70	1
reaction-recovered	Chasing	15	Body	30	1	30	100	70	1
head-shot	Chasing	16	Head	30	2	60	70	10	2
lethal-body	Dead	17	Body	30	1	30	10	0	3
death-middle	Dead	17	Body	30	1	30	10	0	3
corpse-final	Dead	17	Body	30	1	30	10	0	3
corpse-inactive	Dead	17	Body	30	1	30	10	0	3
loop-chase	Chasing	0	Unspecified	0	0	0	0	100	0
loop-dodge	AttackCommit	0	Unspecified	0	0	0	0	100	0
loop-body-reaction	HitReact	18	Body	30	1	30	100	70	1
loop-player-hit	AttackCommit	18	Body	30	1	30	100	70	1
loop-lethal	Dead	20	Body	30	1	30	10	0	3
loop-complete	Dead	20	Body	30	1	30	10	0	3
layout-Idle	Chasing	21	Head	0.01	2	0.02	100	99.98	1
layout-Locomotion	Chasing	22	Head	0.01	2	0.02	99.98	99.96001	2
layout-Attack	Chasing	23	Head	0.01	2	0.02	99.96001	99.94001	3
layout-HitReact	Chasing	24	Head	0.01	2	0.02	99.94001	99.92001	4
lethal-AttackWindup	Dead	28	Body	30	1	30	10	0	3
lethal-AttackCommit	Dead	31	Body	30	1	30	10	0	3
lethal-Recovering	Dead	34	Body	30	1	30	10	0	3
new-session-alive	Idle	0	Unspecified	0	0	0	0	100	0
layout-idle	Chasing	0	Unspecified	0	0	0	0	100	0
body-hit-react-start	HitReact	53	Body	30	1	30	100	70	1
body-hit-react-peak	HitReact	53	Body	30	1	30	100	70	1
reaction-recovered	Chasing	53	Body	30	1	30	100	70	1
head-shot	Chasing	54	Head	30	2	60	70	10	2
lethal-body	Dead	55	Body	30	1	30	10	0	3
death-middle	Dead	55	Body	30	1	30	10	0	3
corpse-final	Dead	55	Body	30	1	30	10	0	3
corpse-inactive	Dead	55	Body	30	1	30	10	0	3
loop-chase	Chasing	0	Unspecified	0	0	0	0	100	0
loop-dodge	AttackCommit	0	Unspecified	0	0	0	0	100	0
loop-body-reaction	HitReact	56	Body	30	1	30	100	70	1
loop-player-hit	AttackCommit	56	Body	30	1	30	100	70	1
loop-lethal	Dead	58	Body	30	1	30	10	0	3
loop-complete	Dead	58	Body	30	1	30	10	0	3
layout-Idle	Chasing	59	Head	0.01	2	0.02	100	99.98	1
layout-Locomotion	Chasing	60	Head	0.01	2	0.02	99.98	99.96001	2
layout-Attack	Chasing	61	Head	0.01	2	0.02	99.96001	99.94001	3
layout-HitReact	Chasing	62	Head	0.01	2	0.02	99.94001	99.92001	4
lethal-AttackWindup	Dead	66	Body	30	1	30	10	0	3
lethal-AttackCommit	Dead	69	Body	30	1	30	10	0	3
lethal-Recovering	Dead	72	Body	30	1	30	10	0	3
new-session-alive	Idle	0	Unspecified	0	0	0	0	100	0
layout-idle	Chasing	0	Unspecified	0	0	0	0	100	0
body-hit-react-start	HitReact	53	Body	30	1	30	100	70	1
body-hit-react-peak	HitReact	53	Body	30	1	30	100	70	1
reaction-recovered	Chasing	53	Body	30	1	30	100	70	1
head-shot	Chasing	54	Head	30	2	60	70	10	2
lethal-body	Dead	55	Body	30	1	30	10	0	3
death-middle	Dead	55	Body	30	1	30	10	0	3
corpse-final	Dead	55	Body	30	1	30	10	0	3
corpse-inactive	Dead	55	Body	30	1	30	10	0	3
loop-chase	Chasing	0	Unspecified	0	0	0	0	100	0
loop-dodge	AttackCommit	0	Unspecified	0	0	0	0	100	0
loop-body-reaction	HitReact	56	Body	30	1	30	100	70	1
loop-player-hit	AttackCommit	56	Body	30	1	30	100	70	1
loop-lethal	Dead	58	Body	30	1	30	10	0	3
loop-complete	Dead	58	Body	30	1	30	10	0	3
layout-Idle	Chasing	59	Head	0.01	2	0.02	100	99.98	1
layout-Locomotion	Chasing	60	Head	0.01	2	0.02	99.98	99.96001	2
layout-Attack	Chasing	61	Head	0.01	2	0.02	99.96001	99.94001	3
layout-HitReact	Chasing	62	Head	0.01	2	0.02	99.94001	99.92001	4
lethal-AttackWindup	Dead	66	Body	30	1	30	10	0	3
lethal-AttackCommit	Dead	69	Body	30	1	30	10	0	3
lethal-Recovering	Dead	72	Body	30	1	30	10	0	3
new-session-alive	Idle	0	Unspecified	0	0	0	0	100	0
layout-idle	Chasing	0	Unspecified	0	0	0	0	100	0
body-hit-react-start	HitReact	53	Body	30	1	30	100	70	1
body-hit-react-peak	HitReact	53	Body	30	1	30	100	70	1
reaction-recovered	Chasing	53	Body	30	1	30	100	70	1
head-shot	Chasing	54	Head	30	2	60	70	10	2
lethal-body	Dead	55	Body	30	1	30	10	0	3
death-middle	Dead	55	Body	30	1	30	10	0	3
corpse-final	Dead	55	Body	30	1	30	10	0	3
corpse-inactive	Dead	55	Body	30	1	30	10	0	3
loop-chase	Chasing	0	Unspecified	0	0	0	0	100	0
loop-dodge	AttackCommit	0	Unspecified	0	0	0	0	100	0
loop-body-reaction	HitReact	56	Body	30	1	30	100	70	1
loop-player-hit	AttackCommit	56	Body	30	1	30	100	70	1
loop-lethal	Dead	58	Body	30	1	30	10	0	3
loop-complete	Dead	58	Body	30	1	30	10	0	3
layout-Idle	Chasing	59	Head	0.01	2	0.02	100	99.98	1
layout-Locomotion	Chasing	60	Head	0.01	2	0.02	99.98	99.96001	2
layout-Attack	Chasing	61	Head	0.01	2	0.02	99.96001	99.94001	3
layout-HitReact	Chasing	62	Head	0.01	2	0.02	99.94001	99.92001	4
lethal-AttackWindup	Dead	66	Body	30	1	30	10	0	3
lethal-AttackCommit	Dead	69	Body	30	1	30	10	0	3
lethal-Recovering	Dead	72	Body	30	1	30	10	0	3
new-session-alive	Idle	0	Unspecified	0	0	0	0	100	0
layout-idle	Chasing	0	Unspecified	0	0	0	0	100	0
body-hit-react-start	HitReact	57	Body	30	1	30	100	70	1
body-hit-react-peak	HitReact	57	Body	30	1	30	100	70	1
reaction-recovered	Chasing	57	Body	30	1	30	100	70	1
head-shot	Chasing	58	Head	30	2	60	70	10	2
lethal-body	Dead	59	Body	30	1	30	10	0	3
death-middle	Dead	59	Body	30	1	30	10	0	3
corpse-final	Dead	59	Body	30	1	30	10	0	3
corpse-inactive	Dead	59	Body	30	1	30	10	0	3
loop-chase	Chasing	0	Unspecified	0	0	0	0	100	0
loop-dodge	AttackCommit	0	Unspecified	0	0	0	0	100	0
loop-body-reaction	HitReact	60	Body	30	1	30	100	70	1
loop-player-hit	AttackCommit	60	Body	30	1	30	100	70	1
loop-lethal	Dead	62	Body	30	1	30	10	0	3
loop-complete	Dead	62	Body	30	1	30	10	0	3
layout-Idle	Chasing	63	Head	0.01	2	0.02	100	99.98	1
layout-Locomotion	Chasing	64	Head	0.01	2	0.02	99.98	99.96001	2
layout-Attack	Chasing	65	Head	0.01	2	0.02	99.96001	99.94001	3
layout-HitReact	Chasing	66	Head	0.01	2	0.02	99.94001	99.92001	4
lethal-AttackWindup	Dead	70	Body	30	1	30	10	0	3
lethal-AttackCommit	Dead	73	Body	30	1	30	10	0	3
lethal-Recovering	Dead	76	Body	30	1	30	10	0	3
new-session-alive	Idle	0	Unspecified	0	0	0	0	100	0
layout-idle	Chasing	0	Unspecified	0	0	0	0	100	0
body-hit-react-start	HitReact	60	Body	30	1	30	100	70	1
loop-chase	Chasing	0	Unspecified	0	0	0	0	100	0
loop-dodge	AttackCommit	0	Unspecified	0	0	0	0	100	0
loop-body-reaction	HitReact	61	Body	30	1	30	100	70	1
loop-player-hit	AttackCommit	61	Body	30	1	30	100	70	1
loop-lethal	Dead	63	Body	30	1	30	10	0	3
loop-complete	Dead	63	Body	30	1	30	10	0	3
layout-Idle	Chasing	64	Head	0.01	2	0.02	100	99.98	1
layout-Locomotion	Chasing	65	Head	0.01	2	0.02	99.98	99.96001	2
layout-Attack	Chasing	66	Head	0.01	2	0.02	99.96001	99.94001	3
layout-HitReact	Chasing	67	Head	0.01	2	0.02	99.94001	99.92001	4
lethal-AttackWindup	Dead	71	Body	30	1	30	10	0	3
lethal-AttackCommit	Dead	74	Body	30	1	30	10	0	3
lethal-Recovering	Dead	77	Body	30	1	30	10	0	3
new-session-alive	Idle	0	Unspecified	0	0	0	0	100	0
layout-idle	Chasing	0	Unspecified	0	0	0	0	100	0
body-hit-react-start	HitReact	1	Body	30	1	30	100	70	1
body-hit-react-peak	HitReact	1	Body	30	1	30	100	70	1
reaction-recovered	Chasing	1	Body	30	1	30	100	70	1
head-shot	Chasing	2	Head	30	2	60	70	10	2
lethal-body	Dead	3	Body	30	1	30	10	0	3
death-middle	Dead	3	Body	30	1	30	10	0	3
corpse-final	Dead	3	Body	30	1	30	10	0	3
corpse-inactive	Dead	3	Body	30	1	30	10	0	3
layout-Idle	Chasing	4	Head	0.01	2	0.02	100	99.98	1
layout-Locomotion	Chasing	5	Head	0.01	2	0.02	99.98	99.96001	2
layout-Attack	Chasing	6	Head	0.01	2	0.02	99.96001	99.94001	3
layout-HitReact	Chasing	7	Head	0.01	2	0.02	99.94001	99.92001	4
layout-idle	Chasing	0	Unspecified	0	0	0	0	100	0
body-hit-react-start	HitReact	59	Body	30	1	30	100	70	1
body-hit-react-peak	HitReact	59	Body	30	1	30	100	70	1
reaction-recovered	Chasing	59	Body	30	1	30	100	70	1
head-shot	Chasing	60	Head	30	2	60	70	10	2
lethal-body	Dead	61	Body	30	1	30	10	0	3
death-middle	Dead	61	Body	30	1	30	10	0	3
corpse-final	Dead	61	Body	30	1	30	10	0	3
corpse-inactive	Dead	61	Body	30	1	30	10	0	3
loop-chase	Chasing	0	Unspecified	0	0	0	0	100	0
loop-dodge	AttackCommit	0	Unspecified	0	0	0	0	100	0
loop-body-reaction	HitReact	62	Body	30	1	30	100	70	1
loop-player-hit	AttackCommit	62	Body	30	1	30	100	70	1
loop-lethal	Dead	64	Body	30	1	30	10	0	3
loop-complete	Dead	64	Body	30	1	30	10	0	3
layout-Idle	Chasing	65	Head	0.01	2	0.02	100	99.98	1
layout-Locomotion	Chasing	66	Head	0.01	2	0.02	99.98	99.96001	2
layout-Attack	Chasing	67	Head	0.01	2	0.02	99.96001	99.94001	3
layout-HitReact	Chasing	68	Head	0.01	2	0.02	99.94001	99.92001	4
lethal-AttackWindup	Dead	72	Body	30	1	30	10	0	3
lethal-AttackCommit	Dead	75	Body	30	1	30	10	0	3
lethal-Recovering	Dead	78	Body	30	1	30	10	0	3
new-session-alive	Idle	0	Unspecified	0	0	0	0	100	0
layout-idle	Chasing	0	Unspecified	0	0	0	0	100	0
body-hit-react-start	HitReact	60	Body	30	1	30	100	70	1
body-hit-react-peak	HitReact	60	Body	30	1	30	100	70	1
reaction-recovered	Chasing	60	Body	30	1	30	100	70	1
head-shot	Chasing	61	Head	30	2	60	70	10	2
lethal-body	Dead	62	Body	30	1	30	10	0	3
death-middle	Dead	62	Body	30	1	30	10	0	3
corpse-final	Dead	62	Body	30	1	30	10	0	3
corpse-inactive	Dead	62	Body	30	1	30	10	0	3
loop-chase	Chasing	0	Unspecified	0	0	0	0	100	0
loop-dodge	AttackCommit	0	Unspecified	0	0	0	0	100	0
loop-body-reaction	HitReact	63	Body	30	1	30	100	70	1
loop-player-hit	AttackCommit	63	Body	30	1	30	100	70	1
loop-lethal	Dead	65	Body	30	1	30	10	0	3
loop-complete	Dead	65	Body	30	1	30	10	0	3
layout-Idle	Chasing	66	Head	0.01	2	0.02	100	99.98	1
layout-Locomotion	Chasing	67	Head	0.01	2	0.02	99.98	99.96001	2
layout-Attack	Chasing	68	Head	0.01	2	0.02	99.96001	99.94001	3
layout-HitReact	Chasing	69	Head	0.01	2	0.02	99.94001	99.92001	4
lethal-AttackWindup	Dead	73	Body	30	1	30	10	0	3
lethal-AttackCommit	Dead	76	Body	30	1	30	10	0	3
lethal-Recovering	Dead	79	Body	30	1	30	10	0	3
new-session-alive	Idle	0	Unspecified	0	0	0	0	100	0
layout-idle	Chasing	0	Unspecified	0	0	0	0	100	0
body-hit-react-start	HitReact	61	Body	30	1	30	100	70	1
body-hit-react-peak	HitReact	61	Body	30	1	30	100	70	1
reaction-recovered	Chasing	61	Body	30	1	30	100	70	1
head-shot	Chasing	62	Head	30	2	60	70	10	2
lethal-body	Dead	63	Body	30	1	30	10	0	3
death-middle	Dead	63	Body	30	1	30	10	0	3
corpse-final	Dead	63	Body	30	1	30	10	0	3
corpse-inactive	Dead	63	Body	30	1	30	10	0	3
loop-chase	Chasing	0	Unspecified	0	0	0	0	100	0
loop-dodge	AttackCommit	0	Unspecified	0	0	0	0	100	0
loop-body-reaction	HitReact	64	Body	30	1	30	100	70	1
loop-player-hit	AttackCommit	64	Body	30	1	30	100	70	1
loop-lethal	Dead	66	Body	30	1	30	10	0	3
loop-complete	Dead	66	Body	30	1	30	10	0	3
layout-Idle	Chasing	67	Head	0.01	2	0.02	100	99.98	1
layout-Locomotion	Chasing	68	Head	0.01	2	0.02	99.98	99.96001	2
layout-Attack	Chasing	69	Head	0.01	2	0.02	99.96001	99.94001	3
layout-HitReact	Chasing	70	Head	0.01	2	0.02	99.94001	99.92001	4
lethal-AttackWindup	Dead	74	Body	30	1	30	10	0	3
lethal-AttackCommit	Dead	77	Body	30	1	30	10	0	3
lethal-Recovering	Dead	80	Body	30	1	30	10	0	3
new-session-alive	Idle	0	Unspecified	0	0	0	0	100	0
layout-idle	Chasing	0	Unspecified	0	0	0	0	100	0
body-hit-react-start	HitReact	60	Body	30	1	30	100	70	1
body-hit-react-peak	HitReact	60	Body	30	1	30	100	70	1
reaction-recovered	Chasing	60	Body	30	1	30	100	70	1
head-shot	Chasing	61	Head	30	2	60	70	10	2
lethal-body	Dead	62	Body	30	1	30	10	0	3
death-middle	Dead	62	Body	30	1	30	10	0	3
corpse-final	Dead	62	Body	30	1	30	10	0	3
corpse-inactive	Dead	62	Body	30	1	30	10	0	3
loop-chase	Chasing	0	Unspecified	0	0	0	0	100	0
loop-dodge	AttackCommit	0	Unspecified	0	0	0	0	100	0
loop-body-reaction	HitReact	63	Body	30	1	30	100	70	1
loop-player-hit	AttackCommit	63	Body	30	1	30	100	70	1
loop-lethal	Dead	65	Body	30	1	30	10	0	3
loop-complete	Dead	65	Body	30	1	30	10	0	3
layout-Idle	Chasing	66	Head	0.01	2	0.02	100	99.98	1
layout-Locomotion	Chasing	67	Head	0.01	2	0.02	99.98	99.96001	2
layout-Attack	Chasing	68	Head	0.01	2	0.02	99.96001	99.94001	3
layout-HitReact	Chasing	69	Head	0.01	2	0.02	99.94001	99.92001	4
lethal-AttackWindup	Dead	73	Body	30	1	30	10	0	3
lethal-AttackCommit	Dead	76	Body	30	1	30	10	0	3
lethal-Recovering	Dead	79	Body	30	1	30	10	0	3
new-session-alive	Idle	0	Unspecified	0	0	0	0	100	0
