clip_seconds,ideal_gameplay_seconds,position_error_metres,angle_error_degrees,commit_sample
0,0,1.49011612E-07,0,False
0.0416666679,0.0416666679,1.56173628E-05,0,False
0.0833333358,0.0833333358,3.13140226E-05,0,False
0.125,0.125,4.704192E-05,0,False
0.166666672,0.166666672,6.26697656E-05,0,False
0.208333343,0.208333343,7.83316646E-05,0,False
0.25,0.25,9.399176E-05,0,False
0.2916667,0.2916667,0.000109685869,0,False
0.333333343,0.333333343,0.000125383711,0,False
0.37500003,0.37500003,0.0001410195,0.17245847,False
0.4166667,0.4166667,0.000173959488,0.265408039,False
0.458333343,0.458333343,0.004885415,2.16454935,False
0.5,0.5,0.0186425112,7.308826,False
0.5416667,0.5416667,0.0391233936,13.4586792,False
0.5833334,0.5833334,0.06496484,18.5444031,False
0.625,0.625,0.09430839,20.828207,False
0.6666667,0.6666667,0.1283149,18.9662666,False
0.7083334,0.7083334,0.166206375,16.9172611,False
0.75000006,0.75000006,0.2033865,20.1296768,False
0.7916667,0.7916667,0.232965752,25.99818,False
0.8333334,0.8333334,0.246652126,28.9203777,False
0.87500006,0.87500006,0.2539244,29.22291,False
0.9166667,0.9166667,0.274676681,28.86658,False
0.9583334,0.9583334,0.3058319,28.8666344,False
1,1,0.3343908,28.8665524,False
1.04166675,1.04166675,0.3423043,28.8666058,False
1.08333337,1.08333337,0.320227534,28.86658,False
1.125,1.125,0.276791126,28.86658,False
1.16666675,1.16666675,0.221635252,28.8666058,False
1.20833337,1.20833337,0.165023461,28.8666058,False
1.25,1.25,0.117645137,28.60186,False
1.29166675,1.29166675,0.08881171,25.1425533,False
1.33333337,1.33333337,0.07849343,16.62444,False
1.37500012,1.37500012,0.07772974,10.0424347,False
1.41666675,1.41666675,0.07673437,13.12703,False
1.45833337,1.45833337,0.06854727,15.8742781,False
1.50000012,1.50000012,0.05058749,15.83699,False
1.54166675,1.54166675,0.03185985,15.3595333,False
1.58333337,1.58333337,0.0172496364,11.08441,False
1.62500012,1.62500012,0.00514459936,3.83611727,False
1.66666675,1.66666675,9.420755E-08,0,False
1.70833337,1.70833337,0.000409628876,0.484566748,False
1.75000012,1.75000012,1.4065823E-07,0,False
1.79166675,1.79166675,9.75971659E-08,0,False
1.83333337,1.83333337,1.42364655E-07,0,True
1.87500012,1.87500012,9.453727E-08,0,False
1.91666675,1.91666675,9.355157E-08,0,False
1.95833337,1.95833337,1.660995E-07,0,False
2,2,1.74478885E-07,0,False
2.04166675,2.04166675,1.63982207E-07,0,False
2.08333349,2.08333349,1.65168032E-07,0,False
2.125,2.125,1.517913E-07,0,False
2.16666675,2.16666675,9.789525E-08,0,False
2.20833349,2.20833349,9.614299E-08,0,False
2.25,2.25,1.29704844E-07,0,False
2.29166675,2.29166675,9.653912E-08,0,False
2.33333349,2.33333349,9.857951E-08,0,False
2.375,2.375,1.42744739E-07,0,False
2.41666675,2.41666675,1.46055172E-07,0,False
2.45833349,2.45833349,9.182387E-08,0,False
2.5,2.5,1.45822639E-07,0,False
2.54166675,2.54166675,1.38165717E-07,0,False
2.58333349,2.58333349,1.67018626E-07,0,False
2.62500024,2.62500024,1.517913E-07,0,False
2.66666675,2.66666675,1.88348338E-07,0,False
2.70833349,2.70833349,1.45822639E-07,0,False
2.75000024,2.75000024,1.47234417E-07,0,False
2.79166675,2.79166675,1.63982207E-07,0,False
2.83333349,2.83333349,1.62741955E-07,0,False
2.87500024,2.87500024,1.3531627E-07,0,False
2.91666675,2.91666675,1.58819859E-07,0,False
2.95833349,2.95833349,1.02766712E-07,0,False
3.00000024,3.00000024,9.856632E-08,0,False
3.04166675,3.04166675,1.34330165E-07,0,False
3.08333349,3.08333349,1.49302366E-07,0,False
3.12500024,3.12500024,1.88633635E-07,0,False
3.16666675,3.16666675,1.0751836E-07,0,False
3.20833349,3.20833349,1.2644054E-07,0,False
3.25000024,3.25000024,5.96046448E-08,0,False
3.29166675,3.29166675,1.60490416E-07,0,False
3.33333349,3.33333349,1.49011612E-07,0,False
