clip,time,headY,leftForward,rightForward,minSkinY,presenterGroundY
Zombie Walk,0.0000,1.5656,0.5200,0.5159,-0.0129,-0.0129
Zombie Walk,0.0672,1.5633,0.5106,0.5090,-0.0120,-0.0120
Zombie Walk,0.1344,1.5592,0.5003,0.5017,-0.0085,-0.0085
Zombie Walk,0.2017,1.5532,0.4915,0.4934,-0.0031,-0.0031
Zombie Walk,0.2689,1.5439,0.4794,0.4832,0.0098,0.0098
Zombie Walk,0.3361,1.5299,0.4693,0.4818,0.0390,0.0390
Zombie Walk,0.4033,1.5138,0.4670,0.4856,0.0654,0.0654
Zombie Walk,0.4706,1.4977,0.4932,0.5012,0.0869,0.0869
Zombie Walk,0.5378,1.4831,0.5396,0.5370,0.0939,0.0939
Zombie Walk,0.6050,1.4752,0.5640,0.5664,0.0940,0.0940
Zombie Walk,0.6722,1.4743,0.5690,0.5805,0.0933,0.0933
Zombie Walk,0.7394,1.4765,0.5682,0.5847,0.0905,0.0905
Zombie Walk,0.8067,1.4796,0.5678,0.5834,0.0900,0.0900
Zombie Walk,0.8739,1.4814,0.5687,0.5825,0.0915,0.0915
Zombie Walk,0.9411,1.4818,0.5660,0.5822,0.0927,0.0927
Zombie Walk,1.0083,1.4816,0.5591,0.5803,0.0928,0.0928
Zombie Walk,1.0756,1.4834,0.5513,0.5765,0.0908,0.0908
Zombie Walk,1.1428,1.4868,0.5439,0.5702,0.0838,0.0838
Zombie Walk,1.2100,1.4889,0.5388,0.5615,0.0732,0.0732
Zombie Walk,1.2772,1.4882,0.5354,0.5542,0.0647,0.0647
Zombie Walk,1.3444,1.4860,0.5295,0.5475,0.0597,0.0597
Zombie Walk,1.4117,1.4828,0.5224,0.5389,0.0561,0.0561
Zombie Walk,1.4789,1.4793,0.5145,0.5255,0.0528,0.0528
Zombie Walk,1.5461,1.4772,0.5054,0.5098,0.0495,0.0495
Zombie Walk,1.6133,1.4786,0.4989,0.4954,0.0468,0.0468
Zombie Walk,1.6806,1.4830,0.4953,0.4870,0.0452,0.0452
Zombie Walk,1.7478,1.4889,0.4928,0.4876,0.0430,0.0430
Zombie Walk,1.8150,1.4958,0.4933,0.4939,0.0405,0.0405
Zombie Walk,1.8822,1.5024,0.4959,0.5039,0.0396,0.0396
Zombie Walk,1.9494,1.5078,0.4984,0.5155,0.0400,0.0400
Zombie Walk,2.0167,1.5131,0.5004,0.5263,0.0400,0.0400
Zombie Walk,2.0839,1.5203,0.5039,0.5365,0.0392,0.0392
Zombie Walk,2.1511,1.5294,0.5072,0.5464,0.0401,0.0401
Zombie Walk,2.2183,1.5374,0.5074,0.5551,0.0461,0.0461
Zombie Walk,2.2856,1.5414,0.5032,0.5596,0.0509,0.0509
Zombie Walk,2.3528,1.5412,0.5001,0.5795,0.0593,0.0593
Zombie Walk,2.4200,1.5331,0.5304,0.6292,0.0765,0.0765
Zombie Walk,2.4872,1.5263,0.5748,0.6557,0.0798,0.0798
Zombie Walk,2.5544,1.5226,0.5867,0.6701,0.0762,0.0762
Zombie Walk,2.6217,1.5217,0.5705,0.6687,0.0742,0.0742
Zombie Walk,2.6889,1.5230,0.5500,0.6613,0.0739,0.0739
Zombie Walk,2.7561,1.5247,0.5333,0.6573,0.0726,0.0726
Zombie Walk,2.8233,1.5246,0.5264,0.6576,0.0729,0.0729
Zombie Walk,2.8906,1.5235,0.5324,0.6606,0.0756,0.0756
Zombie Walk,2.9578,1.5240,0.5441,0.6662,0.0807,0.0807
Zombie Walk,3.0250,1.5269,0.5500,0.6697,0.0834,0.0834
Zombie Walk,3.0922,1.5293,0.5491,0.6683,0.0820,0.0820
Zombie Walk,3.1594,1.5304,0.5497,0.6687,0.0802,0.0802
Zombie Walk,3.2267,1.5326,0.5506,0.6656,0.0765,0.0765
Zombie Walk,3.2939,1.5356,0.5494,0.6553,0.0673,0.0673
Zombie Walk,3.3611,1.5392,0.5461,0.6423,0.0518,0.0518
Zombie Walk,3.4283,1.5427,0.5420,0.6320,0.0368,0.0368
Zombie Walk,3.4956,1.5459,0.5402,0.6215,0.0240,0.0240
Zombie Walk,3.5628,1.5490,0.5391,0.6066,0.0139,0.0139
Zombie Walk,3.6300,1.5527,0.5372,0.5862,0.0078,0.0078
Zombie Walk,3.6972,1.5570,0.5328,0.5614,0.0032,0.0032
Zombie Walk,3.7644,1.5605,0.5269,0.5416,-0.0035,-0.0035
Zombie Walk,3.8317,1.5629,0.5226,0.5316,-0.0082,-0.0082
Zombie Walk,3.8989,1.5647,0.5215,0.5258,-0.0105,-0.0105
Zombie Walk,3.9661,1.5658,0.5229,0.5212,-0.0125,-0.0125
Zombie Walk,4.0333,1.5656,0.5200,0.5159,-0.0129,-0.0129
Zombie Run,0.0000,1.3935,0.2200,0.4218,-0.0845,-0.0845
Zombie Run,0.0133,1.3937,0.1920,0.4429,-0.0872,-0.0872
Zombie Run,0.0267,1.3934,0.1650,0.4632,-0.0902,-0.0902
Zombie Run,0.0400,1.3929,0.1393,0.4819,-0.0927,-0.0927
Zombie Run,0.0533,1.3924,0.1150,0.4978,-0.0943,-0.0943
Zombie Run,0.0667,1.3917,0.0926,0.5099,-0.0954,-0.0954
Zombie Run,0.0800,1.3909,0.0720,0.5181,-0.0961,-0.0961
Zombie Run,0.0933,1.3899,0.0525,0.5224,-0.0960,-0.0960
Zombie Run,0.1067,1.3888,0.0341,0.5227,-0.0945,-0.0945
Zombie Run,0.1200,1.3876,0.0173,0.5197,-0.0910,-0.0910
Zombie Run,0.1333,1.3863,0.0027,0.5142,-0.0871,-0.0871
Zombie Run,0.1467,1.3852,-0.0091,0.5071,-0.0832,-0.0832
Zombie Run,0.1600,1.3843,-0.0175,0.4983,-0.0783,-0.0783
Zombie Run,0.1733,1.3836,-0.0215,0.4879,-0.0715,-0.0715
Zombie Run,0.1867,1.3833,-0.0206,0.4760,-0.0616,-0.0616
Zombie Run,0.2000,1.3829,-0.0149,0.4626,-0.0498,-0.0498
Zombie Run,0.2133,1.3824,-0.0055,0.4481,-0.0384,-0.0384
Zombie Run,0.2267,1.3816,0.0077,0.4323,-0.0275,-0.0275
Zombie Run,0.2400,1.3808,0.0246,0.4152,-0.0185,-0.0185
Zombie Run,0.2533,1.3798,0.0449,0.3964,-0.0072,-0.0072
Zombie Run,0.2667,1.3791,0.0689,0.3763,0.0018,0.0018
Zombie Run,0.2800,1.3789,0.0962,0.3548,0.0007,0.0007
Zombie Run,0.2933,1.3788,0.1261,0.3317,0.0009,0.0009
Zombie Run,0.3067,1.3787,0.1594,0.3076,0.0004,0.0004
Zombie Run,0.3200,1.3786,0.1947,0.2829,0.0005,0.0005
Zombie Run,0.3333,1.3787,0.2314,0.2575,0.0026,0.0026
Zombie Run,0.3467,1.3790,0.2690,0.2316,0.0062,0.0062
Zombie Run,0.3600,1.3795,0.3069,0.2065,0.0100,0.0100
Zombie Run,0.3733,1.3802,0.3438,0.1836,0.0048,0.0048
Zombie Run,0.3867,1.3810,0.3794,0.1628,-0.0070,-0.0070
Zombie Run,0.4000,1.3816,0.4127,0.1441,-0.0190,-0.0190
Zombie Run,0.4133,1.3821,0.4433,0.1276,-0.0329,-0.0329
Zombie Run,0.4267,1.3822,0.4713,0.1130,-0.0459,-0.0459
Zombie Run,0.4400,1.3819,0.4961,0.1001,-0.0567,-0.0567
Zombie Run,0.4533,1.3814,0.5179,0.0889,-0.0675,-0.0675
Zombie Run,0.4667,1.3808,0.5356,0.0793,-0.0721,-0.0721
Zombie Run,0.4800,1.3803,0.5485,0.0712,-0.0660,-0.0660
Zombie Run,0.4933,1.3800,0.5568,0.0648,-0.0514,-0.0514
Zombie Run,0.5067,1.3798,0.5611,0.0600,-0.0333,-0.0333
Zombie Run,0.5200,1.3796,0.5619,0.0563,-0.0128,-0.0128
Zombie Run,0.5333,1.3797,0.5602,0.0538,0.0021,0.0021
Zombie Run,0.5467,1.3799,0.5567,0.0529,0.0028,0.0028
Zombie Run,0.5600,1.3805,0.5515,0.0539,0.0028,0.0028
Zombie Run,0.5733,1.3817,0.5449,0.0571,0.0010,0.0010
Zombie Run,0.5867,1.3836,0.5372,0.0627,-0.0033,-0.0033
Zombie Run,0.6000,1.3853,0.5280,0.0703,-0.0085,-0.0085
Zombie Run,0.6133,1.3864,0.5172,0.0796,-0.0132,-0.0132
Zombie Run,0.6267,1.3872,0.5048,0.0912,-0.0164,-0.0164
Zombie Run,0.6400,1.3880,0.4908,0.1055,-0.0179,-0.0179
Zombie Run,0.6533,1.3889,0.4753,0.1226,-0.0238,-0.0238
Zombie Run,0.6667,1.3898,0.4586,0.1426,-0.0383,-0.0383
Zombie Run,0.6800,1.3907,0.4408,0.1662,-0.0527,-0.0527
Zombie Run,0.6933,1.3916,0.4215,0.1927,-0.0639,-0.0639
Zombie Run,0.7067,1.3924,0.4002,0.2212,-0.0722,-0.0722
Zombie Run,0.7200,1.3933,0.3771,0.2525,-0.0784,-0.0784
Zombie Run,0.7333,1.3939,0.3526,0.2839,-0.0822,-0.0822
Zombie Run,0.7467,1.3941,0.3267,0.3143,-0.0837,-0.0837
Zombie Run,0.7600,1.3941,0.3000,0.3441,-0.0838,-0.0838
Zombie Run,0.7733,1.3942,0.2735,0.3718,-0.0838,-0.0838
Zombie Run,0.7867,1.3942,0.2469,0.3972,-0.0840,-0.0840
Zombie Run,0.8000,1.3935,0.2200,0.4218,-0.0845,-0.0845
Zombie Attack,0.0000,1.5261,0.2431,0.2834,-0.0292,-0.0292
Zombie Attack,0.0439,1.5266,0.2377,0.2826,-0.0303,-0.0303
Zombie Attack,0.0878,1.5273,0.2376,0.2844,-0.0311,-0.0311
Zombie Attack,0.1317,1.5291,0.2421,0.2956,-0.0345,-0.0345
Zombie Attack,0.1756,1.5316,0.2443,0.3052,-0.0355,-0.0355
Zombie Attack,0.2194,1.5317,0.2381,0.2995,-0.0366,-0.0366
Zombie Attack,0.2633,1.5267,0.2181,0.2867,-0.0349,-0.0349
Zombie Attack,0.3072,1.5143,0.1805,0.2849,-0.0296,-0.0296
Zombie Attack,0.3511,1.4969,0.1378,0.2939,-0.0283,-0.0283
Zombie Attack,0.3950,1.4841,0.1081,0.3020,-0.0230,-0.0230
Zombie Attack,0.4389,1.4759,0.0857,0.2897,-0.0192,-0.0192
Zombie Attack,0.4828,1.4709,0.0651,0.2630,-0.0136,-0.0136
Zombie Attack,0.5267,1.4682,0.0395,0.2342,-0.0068,-0.0068
Zombie Attack,0.5706,1.4702,-0.0023,0.2099,-0.0063,-0.0063
Zombie Attack,0.6144,1.4727,-0.0631,0.1835,-0.0091,-0.0091
Zombie Attack,0.6583,1.4751,-0.1181,0.1409,-0.0135,-0.0135
Zombie Attack,0.7022,1.4772,-0.1645,0.0887,-0.0215,-0.0215
Zombie Attack,0.7461,1.4799,-0.1963,0.0292,-0.0329,-0.0329
Zombie Attack,0.7900,1.4851,-0.1964,-0.0141,-0.0430,-0.0430
Zombie Attack,0.8339,1.4952,-0.1818,-0.0282,-0.0512,-0.0512
Zombie Attack,0.8778,1.5086,-0.1700,-0.0380,-0.0599,-0.0599
Zombie Attack,0.9217,1.5158,-0.1692,-0.0232,-0.0664,-0.0664
Zombie Attack,0.9656,1.5112,-0.1656,0.1152,-0.0636,-0.0636
Zombie Attack,1.0094,1.5028,-0.1530,0.3611,-0.0578,-0.0578
Zombie Attack,1.0533,1.4961,-0.1342,0.5599,-0.0464,-0.0464
Zombie Attack,1.0972,1.4861,-0.1364,0.6208,-0.0202,-0.0202
Zombie Attack,1.1411,1.4716,-0.1344,0.6080,0.0133,0.0133
Zombie Attack,1.1850,1.4494,-0.0919,0.5416,0.0500,0.0500
Zombie Attack,1.2289,1.4202,-0.0431,0.3687,0.0791,0.0791
Zombie Attack,1.2728,1.3925,-0.0024,0.2341,0.0960,0.0960
Zombie Attack,1.3167,1.3819,0.0209,0.1993,0.0981,0.0981
Zombie Attack,1.3606,1.3958,0.0458,0.2135,0.0850,0.0850
Zombie Attack,1.4044,1.4225,0.0876,0.2222,0.0661,0.0661
Zombie Attack,1.4483,1.4520,0.1402,0.2134,0.0456,0.0456
Zombie Attack,1.4922,1.4776,0.1759,0.2045,0.0276,0.0276
Zombie Attack,1.5361,1.4947,0.1956,0.2061,0.0089,0.0089
Zombie Attack,1.5800,1.5057,0.2125,0.2049,-0.0079,-0.0079
Zombie Attack,1.6239,1.5132,0.2271,0.2006,-0.0223,-0.0223
Zombie Attack,1.6678,1.5174,0.2335,0.1985,-0.0350,-0.0350
Zombie Attack,1.7117,1.5202,0.2328,0.1983,-0.0423,-0.0423
Zombie Attack,1.7556,1.5216,0.2292,0.1989,-0.0438,-0.0438
Zombie Attack,1.7994,1.5218,0.2256,0.2008,-0.0425,-0.0425
Zombie Attack,1.8433,1.5213,0.2202,0.2048,-0.0416,-0.0416
Zombie Attack,1.8872,1.5206,0.2119,0.2106,-0.0413,-0.0413
Zombie Attack,1.9311,1.5201,0.2038,0.2190,-0.0413,-0.0413
Zombie Attack,1.9750,1.5198,0.1994,0.2307,-0.0408,-0.0408
Zombie Attack,2.0189,1.5194,0.1995,0.2425,-0.0380,-0.0380
Zombie Attack,2.0628,1.5193,0.2021,0.2522,-0.0332,-0.0332
Zombie Attack,2.1067,1.5196,0.2062,0.2612,-0.0284,-0.0284
Zombie Attack,2.1506,1.5206,0.2128,0.2711,-0.0278,-0.0278
Zombie Attack,2.1944,1.5219,0.2206,0.2797,-0.0261,-0.0261
Zombie Attack,2.2383,1.5231,0.2268,0.2857,-0.0249,-0.0249
Zombie Attack,2.2822,1.5241,0.2295,0.2901,-0.0233,-0.0233
Zombie Attack,2.3261,1.5249,0.2315,0.2930,-0.0216,-0.0216
Zombie Attack,2.3700,1.5252,0.2355,0.2943,-0.0211,-0.0211
Zombie Attack,2.4139,1.5254,0.2399,0.2943,-0.0208,-0.0208
Zombie Attack,2.4578,1.5255,0.2451,0.2930,-0.0214,-0.0214
Zombie Attack,2.5017,1.5253,0.2505,0.2902,-0.0225,-0.0225
Zombie Attack,2.5456,1.5252,0.2541,0.2878,-0.0256,-0.0256
Zombie Attack,2.5894,1.5255,0.2518,0.2855,-0.0266,-0.0266
Zombie Attack,2.6333,1.5261,0.2431,0.2834,-0.0292,-0.0292
Zombie Attack (1),0.0000,1.5213,0.2852,0.2522,-0.0269,-0.0269
Zombie Attack (1),0.0772,1.5208,0.2863,0.2694,-0.0262,-0.0262
Zombie Attack (1),0.1544,1.5159,0.2745,0.3023,-0.0177,-0.0177
Zombie Attack (1),0.2317,1.4959,0.2631,0.3521,0.0111,0.0111
Zombie Attack (1),0.3089,1.4477,0.2569,0.3524,0.0704,0.0704
Zombie Attack (1),0.3861,1.3830,0.2336,0.2787,0.1296,0.1296
Zombie Attack (1),0.4633,1.3503,0.1584,0.2266,0.1475,0.1475
Zombie Attack (1),0.5406,1.3670,0.1051,0.1931,0.1116,0.1116
Zombie Attack (1),0.6178,1.4516,0.1749,0.2429,0.0297,0.0297
Zombie Attack (1),0.6950,1.5220,0.3081,0.3286,-0.0500,-0.0500
Zombie Attack (1),0.7722,1.5084,0.3757,0.3692,-0.0933,-0.0933
Zombie Attack (1),0.8494,1.4526,0.1105,0.1424,-0.1117,-0.1117
Zombie Attack (1),0.9267,1.4052,-0.1928,-0.1966,-0.1097,-0.1097
Zombie Attack (1),1.0039,1.3876,-0.3277,-0.3764,-0.0978,-0.0978
Zombie Attack (1),1.0811,1.3880,-0.3327,-0.3788,-0.0843,-0.0843
Zombie Attack (1),1.1583,1.4142,-0.2761,-0.3115,-0.0885,-0.0885
Zombie Attack (1),1.2356,1.4607,-0.0548,-0.1177,-0.1044,-0.1044
Zombie Attack (1),1.3128,1.4833,0.3268,0.2553,-0.0792,-0.0792
Zombie Attack (1),1.3900,1.4677,0.6039,0.5297,-0.0200,-0.0200
Zombie Attack (1),1.4672,1.4160,0.7250,0.6195,0.0636,0.0636
Zombie Attack (1),1.5444,1.3033,0.6560,0.5372,0.1795,0.1795
Zombie Attack (1),1.6217,1.2090,0.4426,0.4511,0.2628,0.2628
Zombie Attack (1),1.6989,1.1773,0.3989,0.4081,0.2855,0.2855
Zombie Attack (1),1.7761,1.1754,0.3772,0.4023,0.2894,0.2894
Zombie Attack (1),1.8533,1.2045,0.3417,0.4292,0.2629,0.2629
Zombie Attack (1),1.9306,1.2456,0.3204,0.4577,0.2252,0.2252
Zombie Attack (1),2.0078,1.2825,0.3297,0.4621,0.1921,0.1921
Zombie Attack (1),2.0850,1.3141,0.3519,0.4644,0.1588,0.1588
Zombie Attack (1),2.1622,1.3422,0.3763,0.4568,0.1293,0.1293
Zombie Attack (1),2.2394,1.3693,0.3881,0.4439,0.1048,0.1048
Zombie Attack (1),2.3167,1.3934,0.3754,0.4513,0.0839,0.0839
Zombie Attack (1),2.3939,1.4133,0.3548,0.4619,0.0676,0.0676
Zombie Attack (1),2.4711,1.4289,0.3275,0.4625,0.0535,0.0535
Zombie Attack (1),2.5483,1.4410,0.3027,0.4559,0.0422,0.0422
Zombie Attack (1),2.6256,1.4517,0.2848,0.4479,0.0335,0.0335
Zombie Attack (1),2.7028,1.4587,0.2713,0.4423,0.0270,0.0270
Zombie Attack (1),2.7800,1.4616,0.2550,0.4449,0.0229,0.0229
Zombie Attack (1),2.8572,1.4625,0.2498,0.4483,0.0228,0.0228
Zombie Attack (1),2.9344,1.4627,0.2577,0.4449,0.0241,0.0241
Zombie Attack (1),3.0117,1.4626,0.2647,0.4378,0.0243,0.0243
Zombie Attack (1),3.0889,1.4644,0.2782,0.4276,0.0256,0.0256
Zombie Attack (1),3.1661,1.4668,0.2931,0.4157,0.0255,0.0255
Zombie Attack (1),3.2433,1.4695,0.2960,0.4013,0.0233,0.0233
Zombie Attack (1),3.3206,1.4733,0.2959,0.3860,0.0193,0.0193
Zombie Attack (1),3.3978,1.4780,0.2944,0.3683,0.0156,0.0156
Zombie Attack (1),3.4750,1.4830,0.2883,0.3536,0.0107,0.0107
Zombie Attack (1),3.5522,1.4886,0.2799,0.3387,0.0062,0.0062
Zombie Attack (1),3.6294,1.4946,0.2693,0.3222,0.0015,0.0015
Zombie Attack (1),3.7067,1.5000,0.2575,0.3090,-0.0030,-0.0030
Zombie Attack (1),3.7839,1.5041,0.2417,0.2954,-0.0075,-0.0075
Zombie Attack (1),3.8611,1.5068,0.2342,0.2859,-0.0131,-0.0131
Zombie Attack (1),3.9383,1.5093,0.2325,0.2740,-0.0162,-0.0162
Zombie Attack (1),4.0156,1.5123,0.2377,0.2628,-0.0187,-0.0187
Zombie Attack (1),4.0928,1.5150,0.2452,0.2555,-0.0218,-0.0218
Zombie Attack (1),4.1700,1.5177,0.2486,0.2467,-0.0237,-0.0237
Zombie Attack (1),4.2472,1.5200,0.2542,0.2395,-0.0253,-0.0253
Zombie Attack (1),4.3244,1.5217,0.2587,0.2370,-0.0270,-0.0270
Zombie Attack (1),4.4017,1.5224,0.2643,0.2399,-0.0281,-0.0281
Zombie Attack (1),4.4789,1.5224,0.2761,0.2398,-0.0281,-0.0281
Zombie Attack (1),4.5561,1.5219,0.2777,0.2434,-0.0273,-0.0273
Zombie Attack (1),4.6333,1.5213,0.2852,0.2522,-0.0269,-0.0269
Zombie Dying,0.0000,1.5260,0.2245,0.2516,-0.0289,0.0050
Zombie Dying,0.0556,1.5277,0.2162,0.2412,-0.0338,0.0050
Zombie Dying,0.1111,1.5287,0.2100,0.2296,-0.0379,0.0048
Zombie Dying,0.1667,1.5275,0.2118,0.2150,-0.0394,0.0050
Zombie Dying,0.2222,1.5302,0.2107,0.1890,-0.0399,0.0049
Zombie Dying,0.2778,1.5300,0.1981,0.1483,-0.0431,0.0051
Zombie Dying,0.3333,1.5210,0.1585,0.1096,-0.0481,0.0050
Zombie Dying,0.3889,1.5050,0.1188,0.0809,-0.0411,0.0044
Zombie Dying,0.4444,1.4873,0.0981,0.0543,-0.0255,0.0049
Zombie Dying,0.5000,1.4718,0.0974,0.0252,-0.0065,0.0050
Zombie Dying,0.5556,1.4519,0.1063,-0.0046,0.0165,0.0055
Zombie Dying,0.6111,1.4322,0.0746,-0.0080,0.0316,0.0048
Zombie Dying,0.6667,1.4177,0.0052,0.0236,0.0489,0.0050
Zombie Dying,0.7222,1.4097,-0.0869,0.0692,0.0694,0.0049
Zombie Dying,0.7778,1.4112,-0.1831,0.1039,0.0917,0.0046
Zombie Dying,0.8333,1.4202,-0.2603,0.1253,0.1237,0.0050
Zombie Dying,0.8889,1.4341,-0.3276,0.1318,0.1718,0.0044
Zombie Dying,0.9444,1.4490,-0.3530,0.1256,0.2318,0.0047
Zombie Dying,1.0000,1.4576,-0.3258,0.1298,0.2987,0.0050
Zombie Dying,1.0556,1.4716,-0.2638,0.1656,0.3539,0.0059
Zombie Dying,1.1111,1.4746,-0.2408,0.2297,0.3765,0.0066
Zombie Dying,1.1667,1.4709,-0.2773,0.2315,0.3563,0.0050
Zombie Dying,1.2222,1.4762,-0.3212,0.2243,0.3317,0.0045
Zombie Dying,1.2778,1.4770,-0.3621,0.1861,0.3185,0.0046
Zombie Dying,1.3333,1.4761,-0.3895,0.1171,0.3168,0.0050
Zombie Dying,1.3889,1.4741,-0.3817,0.0726,0.3137,0.0051
Zombie Dying,1.4444,1.4673,-0.3369,0.0258,0.3057,0.0049
Zombie Dying,1.5000,1.4577,-0.2764,-0.0406,0.3017,0.0050
Zombie Dying,1.5556,1.4467,-0.2006,-0.1209,0.3025,0.0050
Zombie Dying,1.6111,1.4373,-0.0567,-0.2027,0.3051,0.0050
Zombie Dying,1.6667,1.4301,0.1008,-0.2682,0.3091,0.0050
Zombie Dying,1.7222,1.4260,0.1803,-0.3130,0.3137,0.0050
Zombie Dying,1.7778,1.4250,0.2029,-0.3477,0.3209,0.0050
Zombie Dying,1.8333,1.4269,0.2006,-0.3604,0.3280,0.0050
Zombie Dying,1.8889,1.4246,0.2022,-0.3489,0.3424,0.0046
Zombie Dying,1.9444,1.4187,0.2262,-0.3034,0.3700,0.0034
Zombie Dying,2.0000,1.4067,0.2658,-0.2295,0.4319,0.0050
Zombie Dying,2.0556,1.3791,0.3412,-0.1547,0.5245,0.0088
Zombie Dying,2.1111,1.3148,0.4567,-0.0941,0.6145,0.0104
Zombie Dying,2.1667,1.1925,0.5639,-0.1002,0.6856,0.0050
Zombie Dying,2.2222,1.0471,0.5679,-0.1140,0.7406,0.0070
Zombie Dying,2.2778,0.9946,0.5345,-0.1325,0.7341,0.0045
Zombie Dying,2.3333,0.9872,0.5202,-0.1447,0.7383,0.0050
Zombie Dying,2.3889,1.0048,0.5349,-0.1412,0.7220,0.0046
Zombie Dying,2.4444,1.0032,0.5459,-0.1210,0.7062,0.0040
Zombie Dying,2.5000,1.0073,0.5467,-0.1017,0.7143,0.0050
Zombie Dying,2.5556,1.0051,0.5385,-0.0721,0.7282,0.0051
Zombie Dying,2.6111,1.0112,0.5473,-0.0563,0.7324,0.0049
Zombie Dying,2.6667,1.0026,0.5552,-0.0466,0.7405,0.0050
Zombie Dying,2.7222,0.9968,0.5619,-0.0428,0.7400,0.0044
Zombie Dying,2.7778,1.0032,0.5636,-0.0437,0.7533,0.0047
Zombie Dying,2.8333,1.0157,0.5565,-0.0393,0.7702,0.0050
Zombie Dying,2.8889,1.0260,0.5500,-0.0320,0.7800,0.0056
Zombie Dying,2.9444,1.0261,0.5439,-0.0224,0.7799,0.0049
Zombie Dying,3.0000,1.0253,0.5443,-0.0192,0.7803,0.0050
Zombie Dying,3.0556,1.0252,0.5462,-0.0216,0.7809,0.0048
Zombie Dying,3.1111,1.0268,0.5470,-0.0237,0.7833,0.0050
Zombie Dying,3.1667,1.0270,0.5469,-0.0245,0.7853,0.0050
Zombie Dying,3.2222,1.0269,0.5456,-0.0248,0.7861,0.0051
Zombie Dying,3.2778,1.0262,0.5428,-0.0251,0.7854,0.0050
Zombie Dying,3.3333,1.0264,0.5405,-0.0225,0.7844,0.0050
Flying Back Death,0.0000,1.4536,0.2963,0.1918,-0.0288,0.0050
Flying Back Death,0.0506,1.4531,0.2026,0.1876,-0.0447,0.0057
Flying Back Death,0.1011,1.4177,0.0364,0.1839,-0.0926,0.0048
Flying Back Death,0.1517,1.3271,-0.1688,0.1594,-0.1408,0.0050
Flying Back Death,0.2022,1.2102,-0.1438,0.1298,-0.1759,-0.0011
Flying Back Death,0.2528,1.1303,-0.1712,0.0931,-0.1413,0.0025
Flying Back Death,0.3033,1.0709,-0.2658,0.0255,-0.0371,0.0050
Flying Back Death,0.3539,1.0342,-0.3315,-0.0243,0.0947,0.0042
Flying Back Death,0.4044,1.0140,-0.3719,-0.0516,0.2107,0.0036
Flying Back Death,0.4550,1.0015,-0.3736,-0.0786,0.3483,0.0050
Flying Back Death,0.5056,0.9897,-0.3534,-0.1298,0.5076,0.0055
Flying Back Death,0.5561,0.9765,-0.3255,-0.2029,0.6381,0.0109
Flying Back Death,0.6067,0.9591,-0.3195,-0.2902,0.6225,0.0050
Flying Back Death,0.6572,0.9322,-0.3648,-0.3889,0.6206,0.0043
Flying Back Death,0.7078,0.9107,-0.4721,-0.4839,0.6272,0.0047
Flying Back Death,0.7583,0.9036,-0.5601,-0.5496,0.6391,0.0050
Flying Back Death,0.8089,0.8868,-0.6252,-0.5271,0.5957,-0.0002
Flying Back Death,0.8594,0.9021,-0.6637,-0.5152,0.5859,0.0067
Flying Back Death,0.9100,0.8866,-0.6014,-0.5443,0.5691,0.0050
Flying Back Death,0.9606,0.7973,-0.5134,-0.4541,0.5882,0.0084
Flying Back Death,1.0111,0.7243,-0.4125,-0.3823,0.5551,0.0028
Flying Back Death,1.0617,0.6905,-0.2809,-0.4194,0.5529,0.0050
Flying Back Death,1.1122,0.6827,-0.1928,-0.4527,0.5667,0.0045
Flying Back Death,1.1628,0.7067,-0.1446,-0.5221,0.5817,0.0027
Flying Back Death,1.2133,0.7485,-0.1198,-0.6137,0.6080,0.0050
Flying Back Death,1.2639,0.7913,-0.1078,-0.6718,0.6362,0.0050
Flying Back Death,1.3144,0.8306,-0.1053,-0.6807,0.6644,0.0054
Flying Back Death,1.3650,0.8584,-0.1057,-0.6250,0.6841,0.0050
Flying Back Death,1.4156,0.8777,-0.0465,-0.5130,0.6941,0.0082
Flying Back Death,1.4661,0.8833,0.0299,-0.3693,0.6990,0.0053
Flying Back Death,1.5167,0.8834,0.0857,-0.2198,0.6943,0.0050
Flying Back Death,1.5672,0.8849,0.1332,-0.1067,0.6899,0.0050
Flying Back Death,1.6178,0.8833,0.1881,0.0036,0.6805,0.0046
Flying Back Death,1.6683,0.8883,0.2599,0.1319,0.6814,0.0050
Flying Back Death,1.7189,0.8941,0.3536,0.2722,0.6837,0.0045
Flying Back Death,1.7694,0.8981,0.4437,0.4045,0.6660,0.0060
Flying Back Death,1.8200,0.8993,0.4890,0.4885,0.6173,0.0050
Flying Back Death,1.8706,0.9081,0.4731,0.5216,0.5865,0.0043
Flying Back Death,1.9211,0.9147,0.4373,0.5280,0.5725,0.0056
Flying Back Death,1.9717,0.9170,0.4119,0.5292,0.5640,0.0050
Flying Back Death,2.0222,0.9200,0.4017,0.5282,0.5598,0.0047
Flying Back Death,2.0728,0.9232,0.3976,0.5258,0.5636,0.0046
Flying Back Death,2.1233,0.9228,0.3856,0.5101,0.5736,0.0050
Flying Back Death,2.1739,0.9175,0.3672,0.4803,0.5833,0.0052
Flying Back Death,2.2244,0.9103,0.3454,0.4405,0.5896,0.0047
Flying Back Death,2.2750,0.9029,0.3206,0.3936,0.5962,0.0050
Flying Back Death,2.3256,0.8985,0.2918,0.3414,0.6030,0.0051
Flying Back Death,2.3761,0.8964,0.2608,0.2874,0.6102,0.0050
Flying Back Death,2.4267,0.8948,0.2272,0.2354,0.6181,0.0050
Flying Back Death,2.4772,0.8944,0.1975,0.1942,0.6223,0.0052
Flying Back Death,2.5278,0.8942,0.1733,0.1562,0.6242,0.0050
Flying Back Death,2.5783,0.8938,0.1545,0.1208,0.6266,0.0050
Flying Back Death,2.6289,0.8921,0.1434,0.0951,0.6314,0.0050
Flying Back Death,2.6794,0.8895,0.1390,0.0787,0.6361,0.0049
Flying Back Death,2.7300,0.8873,0.1362,0.0685,0.6420,0.0050
Flying Back Death,2.7806,0.8858,0.1371,0.0678,0.6484,0.0050
Flying Back Death,2.8311,0.8842,0.1415,0.0734,0.6540,0.0050
Flying Back Death,2.8817,0.8831,0.1483,0.0813,0.6595,0.0050
Flying Back Death,2.9322,0.8825,0.1569,0.0889,0.6646,0.0051
Flying Back Death,2.9828,0.8820,0.1664,0.0975,0.6677,0.0051
Flying Back Death,3.0333,0.8822,0.1757,0.1069,0.6690,0.0050
